uid,iid
0,6
0,3
0,8
0,0
1,24
1,30
1,16
1,21
1,0
3,40
3,12
3,54
3,36
3,41
3,0
4,8
4,12
4,71
4,60
4,61
4,0
5,79
5,11
5,96
5,71
5,92
5,75
5,80
5,72
6,0
7,90
7,104
7,70
7,71
7,112
7,101
7,105
7,0
8,120
8,43
8,129
8,116
8,7
8,0
9,135
9,0
10,70
10,0
11,219
11,207
11,141
11,197
11,212
11,177
11,234
11,157
11,166
11,228
11,199
11,13
11,10
11,8
11,57
11,189
11,147
11,202
11,162
11,173
11,186
11,132
11,22
11,66
11,143
11,99
11,56
11,198
11,146
11,97
13,14
13,126
13,295
13,257
13,234
13,80
13,249
13,322
13,280
13,324
13,276
13,268
13,119
13,264
13,117
13,286
13,82
13,253
13,108
13,250
13,270
13,282
13,2
13,310
13,325
13,128
13,239
13,11
15,0
16,332
16,0
17,65
17,0
18,338
18,323
18,333
18,336
18,0
19,238
19,349
19,350
19,348
19,102
19,344
19,0
20,6
20,324
20,71
20,342
20,97
20,35
20,19
20,363
22,370
22,130
22,69
22,71
22,383
22,366
22,157
22,390
23,423
23,252
23,13
23,401
23,404
23,452
23,205
23,232
23,421
23,415
23,395
23,412
23,148
23,358
23,162
23,405
23,262
23,83
23,416
23,45
23,392
23,319
23,13
23,127
23,393
23,362
25,332
25,0
26,399
26,643
26,500
26,621
26,460
26,22
26,645
26,554
26,609
26,202
26,17
26,606
26,615
26,60
26,477
26,222
26,455
26,584
26,501
26,543
26,534
26,249
26,250
26,459
26,495
26,364
26,656
26,470
26,665
26,90
26,628
26,268
26,600
26,566
26,316
26,567
26,215
26,333
26,515
26,18
26,471
26,453
26,510
26,608
26,504
26,179
26,198
26,597
26,617
26,479
26,27
26,565
26,573
26,661
26,668
26,537
26,79
26,422
26,69
26,358
26,491
26,574
26,508
26,551
26,108
26,516
26,599
26,541
27,174
27,177
27,24
27,234
27,280
27,672
27,32
27,65
27,231
27,671
27,3
27,676
30,0
31,0
33,565
33,683
33,116
33,66
33,0
34,468
34,40
34,669
34,28
34,338
34,395
34,717
34,689
34,394
34,193
34,706
34,713
34,702
34,388
34,17
34,730
34,688
36,735
36,734
36,543
36,0
37,671
37,738
37,369
37,9
37,230
37,747
37,16
37,322
37,65
37,227
37,14
37,737
37,27
38,834
38,740
38,766
38,869
38,336
38,559
38,232
38,711
38,756
38,124
38,826
38,787
38,237
38,765
38,118
38,731
38,814
38,850
38,882
38,805
38,448
38,797
38,103
38,90
38,76
38,795
38,816
38,877
38,870
38,835
38,868
38,811
38,885
38,842
39,1320
39,1215
39,1299
39,1267
39,1290
39,1333
39,1503
39,905
39,1004
39,1534
39,1551
39,1514
39,1490
39,1519
39,1316
39,1491
39,1069
39,1247
39,1225
39,1389
39,1278
39,1052
39,923
39,903
39,1504
39,1017
39,1374
39,982
39,1543
39,900
39,1370
39,1354
39,1257
39,1472
39,1417
39,1351
39,1113
39,986
39,1054
39,1217
39,1207
39,1134
39,1602
39,1600
39,913
39,1610
39,1483
39,1244
39,1346
39,1269
39,1274
39,1298
39,1529
39,25
39,972
39,919
39,1051
39,1111
39,1342
39,1246
39,1268
39,1284
39,1607
39,1617
39,1209
39,1036
39,1250
39,1321
39,1533
39,1288
39,1019
39,1285
39,788
39,1237
39,1222
39,809
39,1345
39,1214
40,7
40,1625
40,1638
40,0
41,417
41,4
41,315
41,112
41,96
41,1659
41,78
41,185
41,298
43,1672
43,1673
43,606
43,333
43,480
43,0
44,82
44,607
44,441
44,103
44,106
44,0
47,1679
49,1679
50,663
50,1679
51,1699
51,234
51,1706
51,1698
51,377
51,1679
52,1679
53,1679
54,1711
54,1679
55,86
55,1734
55,1754
55,1758
55,1194
55,774
55,1735
55,1679
56,1773
56,1679
57,1780
57,894
57,107
57,1679
58,549
58,1679
59,762
59,1824
59,591
59,228
59,1205
59,1804
59,900
59,54
60,377
60,1965
60,1942
60,1888
60,826
60,867
60,9
60,616
60,342
60,780
60,661
60,1914
60,1975
60,760
60,1895
60,1857
60,1852
60,1870
60,1878
60,860
60,1883
60,1969
60,4
60,2009
60,870
60,1875
60,1918
60,1953
60,10
60,1982
60,1840
60,31
60,1866
60,124
60,1971
60,1967
60,1897
60,296
60,1749
60,1977
60,1908
61,2085
61,2115
61,815
61,1883
61,748
61,725
61,760
61,2032
61,729
61,1555
61,2190
61,850
61,2197
61,1657
61,611
61,1854
61,809
61,2090
61,2171
61,817
61,2063
61,766
61,104
61,1977
61,491
61,2164
61,2024
61,1535
61,102
61,1420
61,1318
61,1192
61,592
61,1526
61,290
61,2150
61,83
61,2031
61,1062
61,802
61,2082
61,174
61,2238
61,342
61,2017
61,2244
61,2180
61,25
61,2147
61,1206
61,1210
61,2113
61,2203
61,253
61,911
61,896
61,2061
61,1862
61,2141
61,2236
61,2098
61,816
61,2109
61,668
61,1617
61,354
61,2048
61,1875
61,277
61,2205
61,2112
61,2042
61,1216
61,2068
61,1187
61,706
61,19
61,749
61,1867
62,364
62,2255
63,66
63,2201
63,56
63,2260
63,454
63,270
63,2255
64,646
64,2255
65,2264
65,2255
66,2278
66,485
66,344
66,2266
66,699
66,663
66,585
66,197
66,396
66,2280
66,543
66,56
66,2277
66,103
66,476
66,2268
67,79
67,56
67,2285
67,364
67,2284
67,2281
67,161
67,646
68,32
68,2255
69,348
69,2291
69,641
69,227
69,606
69,643
69,2039
69,1664
69,363
70,567
70,2255
71,12
71,2255
72,8
72,12
72,2255
73,347
73,2255
74,234
74,141
76,141
79,620
79,161
79,478
79,6
79,141
80,141
82,8
82,161
82,61
82,141
85,347
85,348
85,103
85,162
85,141
86,53
86,141
87,1703
87,141
88,70
88,141
89,32
89,141
90,8
90,45
90,66
90,2290
90,360
90,275
90,224
90,34
90,476
90,678
92,2308
92,2279
92,141
93,72
93,141
94,53
94,695
94,56
94,2321
94,755
94,2322
94,2312
94,6
94,55
95,141
96,141
97,422
97,2065
97,298
97,2359
97,2349
97,2325
97,1853
97,141
98,141
99,189
99,2371
99,6
99,141
100,32
100,101
100,14
100,1804
100,2390
101,349
101,239
101,145
101,2394
101,176
101,231
101,2397
101,16
101,72
101,85
101,865
101,458
101,2393
101,10
102,2413
102,2419
102,2405
102,824
102,2390
103,2390
104,2390
105,409
105,86
105,1210
105,2524
105,2512
105,1871
105,872
105,2498
105,2594
105,652
105,2017
105,1598
105,1191
105,1300
105,1504
105,2553
105,2569
105,2425
105,545
105,487
105,2467
105,1099
105,1867
105,870
105,2511
105,2534
105,2049
105,2600
105,1970
105,2562
105,1594
105,796
105,2521
105,2585
105,815
105,1814
105,2538
105,2578
105,1626
105,2555
105,2565
105,1858
105,2563
105,1549
105,2505
105,1269
105,1247
105,2517
105,665
105,2525
105,1182
105,2536
105,2098
106,391
107,1194
107,597
107,28
107,740
107,729
107,582
107,30
107,395
107,455
107,2201
108,2629
108,2636
108,242
108,453
108,391
109,628
109,2668
109,2670
109,706
109,629
109,757
112,54
112,15
113,344
114,1681
114,872
114,504
114,2077
114,660
114,2711
114,1706
114,52
114,711
114,491
114,820
114,2687
114,728
114,1664
114,2694
114,2335
114,2078
114,2704
114,2713
114,467
114,668
114,680
114,2710
114,2686
115,733
115,70
115,756
116,56
116,756
117,756
118,792
118,881
118,2673
118,3113
118,2944
118,1808
118,2838
118,3129
119,432
119,327
120,440
120,71
120,131
120,345
120,327
121,327
122,2707
122,327
123,327
124,327
125,609
125,29
125,441
125,401
125,61
125,327
126,1803
126,3268
126,101
126,404
126,13
126,112
126,186
126,143
126,319
126,185
126,1994
126,29
126,2607
126,143
126,7
127,327
128,395
128,3280
128,2324
128,730
128,422
128,670
128,13
128,25
128,2238
128,143
128,394
128,748
129,641
129,327
130,3295
130,327
131,643
131,327
133,3299
133,327
134,1801
134,677
134,327
135,754
135,101
135,186
135,442
135,355
135,568
135,2393
135,43
135,2391
135,497
135,455
135,2528
135,453
135,3306
135,317
135,143
135,71
135,359
135,2289
136,327
137,454
137,1670
137,327
138,327
139,659
139,327
140,2299
140,626
140,2732
140,3319
140,374
140,327
141,327
143,130
143,327
144,1259
144,358
144,986
144,3348
144,327
145,2930
145,662
145,3352
145,263
145,327
146,826
146,3432
146,3379
146,816
146,3427
146,3429
146,3420
146,837
146,3373
146,3410
146,789
146,320
146,1195
146,3380
146,3405
146,1206
146,838
146,3424
146,1806
146,3430
146,591
146,788
147,1600
147,327
149,17
149,61
149,392
151,9
151,6
151,3294
151,392
152,746
152,17
152,24
152,392
153,81
153,3437
153,3438
153,392
154,3421
154,1877
154,2589
154,247
154,6
154,633
154,310
154,55
154,3449
154,722
154,352
154,110
154,36
154,53
154,83
154,3294
154,68
154,795
154,3263
154,2399
154,16
154,234
154,308
154,36
155,32
155,392
156,626
156,176
156,1780
156,4
156,62
156,730
156,112
156,354
156,151
156,2732
156,193
156,231
156,2294
156,14
156,401
156,24
158,23
158,34
158,448
158,392
159,1847
159,3454
159,9
159,392
160,593
160,2311
160,344
160,103
160,3495
160,780
160,2089
160,3534
160,221
160,582
160,152
160,2131
160,526
160,2104
160,3493
160,2134
160,1704
160,70
160,2260
160,1673
160,1359
160,3478
160,3490
160,3513
160,2096
160,3474
160,3345
160,468
160,3528
160,3466
160,595
160,2380
160,116
160,618
160,466
160,3507
160,2322
160,820
160,1815
160,3520
160,348
160,1257
160,3502
160,3479
160,476
160,2201
160,1013
160,2078
160,326
160,785
160,731
160,3542
160,3554
160,689
160,3558
160,3525
160,3374
160,45
160,1667
160,2611
160,198
160,3532
160,6
160,3463
160,930
160,3473
160,3551
160,668
160,502
160,337
160,850
160,3489
160,262
160,2097
160,3555
160,3550
160,871
160,1597
160,522
160,3469
160,703
160,2131
160,359
160,548
160,2687
160,1188
160,162
160,2504
160,3485
160,6
160,819
160,2692
160,227
160,652
162,406
162,2702
162,43
162,335
162,527
162,72
162,502
162,3584
162,30
162,118
162,638
162,25
162,110
162,52
162,218
162,103
162,354
162,2042
162,2686
162,185
162,20
162,349
162,3572
162,67
162,496
162,2719
162,359
162,598
162,447
162,345
162,66
162,3576
162,3444
162,584
162,461
162,53
162,2277
162,453
162,2276
162,8
162,433
162,3578
162,3574
162,567
162,3571
162,99
162,2611
163,392
164,392
166,638
166,103
166,2130
166,54
166,140
166,621
166,477
166,588
166,116
166,254
166,124
166,68
166,746
166,3592
166,230
166,14
166,351
166,2663
166,3589
167,29
167,247
167,3564
167,176
167,392
168,102
168,194
168,1
169,52
169,1717
169,35
169,395
169,2288
169,71
169,2297
169,685
169,611
169,193
169,613
169,102
169,670
169,23
170,3599
170,111
170,111
170,3600
170,355
170,1708
170,2308
170,2294
171,232
171,1
172,1
173,69
173,1
174,1220
174,1656
174,860
174,1037
174,3625
174,3677
174,3650
174,3673
174,1875
174,1666
174,740
174,541
174,238
174,2136
174,2061
174,179
174,528
174,792
174,3643
174,818
174,769
174,1355
174,3675
174,199
174,1837
174,1658
175,1804
175,3685
175,3680
175,2206
175,824
175,1660
175,2289
175,871
176,1
178,86
178,69
178,620
178,3687
178,131
178,123
178,757
179,288
179,227
179,174
179,26
179,757
180,174
180,478
180,2299
180,757
181,3719
181,820
181,3709
181,2081
181,3554
181,3474
181,3737
181,680
181,2609
181,730
181,708
181,1672
181,641
181,351
181,463
181,702
181,344
181,3693
181,60
181,532
181,3734
181,796
181,3522
181,492
181,3751
181,56
181,656
181,2587
181,2077
181,550
181,568
181,502
181,620
181,467
181,644
181,662
181,3700
181,2718
181,64
181,1499
181,3723
181,3710
181,572
181,335
181,611
181,1667
182,643
182,757
183,757
184,3759
184,757
185,1994
185,400
185,809
185,628
185,3784
185,3262
185,695
185,3785
185,2039
185,3776
185,90
185,714
185,408
185,28
185,2568
185,394
185,880
185,3794
185,156
187,1206
187,1919
187,834
187,3806
187,602
187,837
187,452
187,761
187,2500
187,842
188,2489
188,836
188,3874
188,835
188,896
188,2500
188,757
189,189
189,82
189,388
189,116
191,100
192,367
192,47
192,100
193,454
193,1499
193,567
193,13
193,543
193,2301
193,453
193,2311
196,2289
196,382
196,100
199,786
199,1547
199,2612
199,1298
199,38
199,1306
199,12
199,3494
199,1346
199,1220
199,4071
199,3493
199,4352
199,1016
199,1848
199,17
199,1408
199,750
199,4320
199,134
199,27
199,3435
199,423
199,1351
199,4387
199,1534
199,4391
199,567
199,2578
199,3499
199,4193
199,24
199,4159
199,4235
199,4187
199,4328
199,683
199,2326
199,2424
199,85
199,1338
199,3768
199,1267
199,4089
199,4164
199,3263
199,4152
199,2612
199,2134
199,2031
199,90
199,4065
199,513
199,2164
199,188
199,4108
199,1710
199,1214
199,1229
199,4309
199,447
199,313
199,2101
199,4011
199,4079
199,4239
199,1873
199,175
199,3472
199,766
199,3955
199,1198
199,1327
199,4294
199,1926
199,983
199,1216
199,2090
199,3976
199,4189
199,281
199,4332
199,3949
199,1252
199,3781
199,1233
199,1341
199,4115
199,1862
199,2518
199,4154
199,729
199,4126
199,3574
199,3550
199,4025
199,911
199,608
199,3287
199,296
199,4010
199,4067
199,4061
199,1033
199,4194
199,4151
199,2131
199,4242
199,1608
199,3965
199,508
199,4217
199,4324
199,2084
199,4297
199,1134
199,3975
199,897
199,4308
199,3432
199,1017
199,4078
199,1111
199,371
199,3459
199,4111
199,240
199,4083
199,186
199,179
199,3567
199,3288
199,1347
200,2454
202,102
202,1803
202,190
202,4406
204,317
204,2176
204,3438
204,74
204,2324
204,4414
204,176
204,145
204,18
204,352
204,71
204,2077
204,4288
204,659
204,194
204,224
204,89
204,104
204,4104
204,461
204,542
204,118
204,500
204,372
204,3478
204,1866
204,10
204,2607
204,2715
204,27
204,3535
204,4412
204,2530
205,641
205,4406
206,3531
206,190
206,2420
206,725
206,4431
206,3319
206,372
206,4406
207,4437
207,454
207,81
207,2101
207,4457
207,356
207,1808
207,3751
207,1206
207,3559
207,145
207,4436
207,4446
208,111
208,73
209,73
210,4460
210,53
210,102
210,24
210,73
211,635
211,73
212,73
213,32
213,73
217,4158
217,73
219,816
219,3770
219,3336
219,4484
219,2178
219,904
219,4471
219,73
220,73
222,231
222,73
223,70
223,73
224,561
224,24
224,111
224,74
225,24
225,252
225,643
225,173
225,182
225,318
225,262
225,56
225,2697
225,2078
225,238
225,2297
225,131
225,2130
225,5
225,372
225,518
225,405
225,64
225,377
225,15
225,70
225,641
225,261
225,670
225,2197
226,344
226,2702
226,74
227,142
227,344
227,74
228,1657
228,594
228,2294
228,744
228,27
228,74
229,2297
229,3453
229,74
230,74
231,74
232,621
232,74
234,925
234,1269
234,74
235,74
236,320
236,373
236,3268
236,258
236,74
237,132
237,155
237,137
237,4415
237,641
237,44
237,118
237,12
237,677
237,55
237,2456
237,36
237,2702
238,189
238,405
238,190
238,758
239,112
239,409
239,352
239,92
239,14
240,14
241,71
241,246
241,3304
241,4055
241,256
241,56
241,347
241,24
241,160
241,447
241,63
241,54
241,29
241,116
241,79
241,3264
244,4522
244,347
244,1703
244,3766
244,173
244,14
245,18
245,527
245,14
246,498
246,29
246,12
246,609
246,131
246,453
246,14
247,164
247,4524
247,647
247,359
247,453
247,2294
247,585
247,2201
247,2042
247,2396
247,591
248,14
248,196
248,221
248,455
248,72
248,218
248,865
248,145
248,3261
248,1650
249,70
249,14
251,3465
251,1672
251,70
251,2181
251,380
251,393
251,1708
251,642
252,70
252,14
253,14
254,91
254,395
254,317
254,28
254,567
254,29
254,16
254,118
254,604
255,2201
255,14
256,106
256,1667
256,14
258,275
258,594
258,14
259,4539
259,2297
259,2529
259,14
260,14
261,14
262,185
262,10
262,14
263,3380
263,320
263,88
263,1657
263,14
265,14
266,361
266,14
267,455
267,69
267,70
267,3304
267,165
267,14
268,3468
268,636
268,14
269,14
271,14
272,3488
272,4546
272,14
274,14
275,747
275,881
275,28
275,780
275,4324
275,3349
275,72
275,238
275,696
275,4552
276,14
277,2060
277,4560
277,1200
277,4590
277,3787
277,236
277,2205
277,2379
277,2206
277,899
277,3474
277,1316
278,10
278,1073
278,3573
278,4604
278,1610
278,2279
278,3481
278,2600
278,2260
278,1601
278,3470
278,4597
278,4606
279,3438
279,4624
279,71
279,451
279,261
279,459
279,352
279,14
281,527
281,8
281,10
281,237
282,447
282,237
283,1660
284,869
284,1660
285,265
285,1848
285,72
285,388
285,820
285,2201
285,4005
285,80
285,755
287,4492
287,432
287,3
287,8
287,1660
288,493
288,3468
288,695
288,64
288,871
288,96
288,91
288,475
288,72
288,539
288,54
288,2201
288,467
288,487
288,2107
289,296
289,349
289,1660
290,1660
291,1660
292,1660
294,796
294,4635
294,1660
295,1660
296,810
296,865
296,4642
296,896
296,815
296,1660
297,2499
297,4645
297,1660
298,4713
298,1814
298,4649
298,1072
298,1197
298,4610
298,4696
298,4653
298,1853
298,3552
298,273
298,4609
298,4635
298,1016
298,697
298,4656
299,3586
299,628
299,4781
299,1968
299,2600
299,1348
299,4809
299,4816
299,1855
299,4821
299,4788
299,3737
299,2039
299,4784
299,4110
299,249
299,4768
299,112
299,4819
299,218
299,3736
299,813
299,4829
299,1597
299,1600
299,4553
299,2001
299,2585
299,4761
299,4803
299,492
299,4814
299,4739
299,4642
299,3685
299,2287
299,667
299,4785
299,56
299,4775
299,1707
299,2205
300,4903
300,4970
300,286
300,4859
300,4965
300,3973
300,617
300,4863
300,4857
300,1316
300,4914
300,4923
300,1600
300,594
300,16
300,4896
300,4935
300,2514
300,920
300,4856
300,3445
300,1607
300,4908
300,4338
300,4961
300,4885
300,2031
300,4171
300,4913
300,4971
300,4967
300,4937
300,447
300,1417
300,4977
300,4940
301,1660
302,2455
303,1545
303,4991
303,2702
303,3797
303,348
303,2294
303,1808
303,593
303,2404
303,1185
303,1225
303,1420
303,4143
303,4309
303,731
303,896
303,4973
303,5011
303,3470
304,1545
304,2455
305,5020
305,2455
306,208
306,4711
306,2175
306,10
306,755
306,1964
306,616
306,176
306,24
306,591
307,683
307,2607
308,2607
309,4803
309,2607
310,2607
311,2607
312,111
312,753
312,217
312,157
312,248
312,142
313,5047
313,142
314,142
315,582
315,85
315,592
315,359
315,638
315,46
315,151
315,256
315,2294
316,191
316,70
316,71
316,5051
316,8
316,142
317,161
317,598
317,442
317,219
317,104
317,498
317,142
319,2684
319,463
319,3568
319,142
320,65
320,366
320,448
320,277
320,94
320,865
320,461
320,1717
320,31
321,60
321,52
321,32
321,3532
321,5068
321,6
321,142
322,142
324,2
325,2
326,2262
326,1504
326,1978
326,502
326,2492
326,2
327,86
327,1976
327,5079
327,1811
327,88
327,2
328,2567
328,2
329,12
329,2
330,5101
330,5099
330,2273
330,2134
330,1188
330,287
330,2394
330,5100
330,209
332,567
332,586
332,15
333,2130
333,2176
333,15
334,210
334,15
335,447
335,15
336,345
336,43
336,15
337,498
337,561
337,207
337,131
337,106
337,15
338,10
338,2280
338,349
338,8
338,25
338,15
339,1744
339,118
339,337
339,15
340,32
340,15
341,1703
341,15
345,15
346,15
347,1969
347,2077
347,71
347,447
347,2178
347,4105
347,262
347,15
348,349
348,75
349,4
349,355
349,75
351,43
351,75
352,2077
352,454
352,5118
352,75
353,4046
353,606
353,52
353,2286
353,2702
353,131
353,453
353,2294
354,5122
354,342
354,2586
354,232
354,760
354,3261
354,75
355,4127
355,788
355,5377
355,4405
355,5208
355,3352
355,3458
355,2069
355,1817
355,3544
355,157
355,5289
355,1816
355,26
355,1883
355,2140
355,616
355,5380
355,439
355,5239
355,1202
355,1357
355,2104
355,5234
355,5166
355,762
355,596
355,1041
355,2204
355,1346
355,5168
355,2577
355,1806
355,1345
355,1327
355,5276
355,435
355,12
355,1370
355,1318
355,1073
355,5175
355,1856
355,2096
355,4123
355,2500
355,5397
355,5390
355,769
355,1568
355,588
355,813
355,1296
355,4149
355,1209
355,5284
355,1988
355,4651
355,1717
355,5160
355,1737
355,2499
355,5304
355,1533
355,814
355,4147
355,4570
355,5400
355,2247
355,2089
355,82
355,1204
355,713
355,4309
355,4163
355,4046
355,2108
355,4071
355,1192
355,1188
355,185
355,1286
355,707
355,2213
358,364
358,333
360,2395
360,118
360,423
360,333
361,232
361,344
361,118
361,2038
361,3374
361,27
361,2549
361,263
361,636
361,476
361,2238
361,124
361,646
361,30
361,1717
361,1662
362,4491
362,362
362,447
362,34
362,137
362,333
363,6
363,227
363,638
363,36
363,4105
363,333
364,363
364,333
366,2039
366,585
366,333
367,53
367,333
368,161
368,60
368,561
368,643
368,338
368,156
368,56
368,2307
368,641
368,2281
368,496
368,347
369,409
369,683
369,363
369,480
369,8
369,333
370,643
370,333
371,5447
371,2257
371,333
373,453
373,820
373,2322
373,2276
373,1708
373,641
373,217
373,647
373,104
373,498
373,3542
374,55
374,34
374,96
374,641
374,71
374,324
374,153
374,620
374,131
374,152
374,8
374,206
374,227
374,199
374,362
374,103
374,146
375,333
376,333
377,43
377,12
377,70
377,182
377,364
377,755
377,646
377,2686
377,6
377,56
379,24
379,643
379,118
379,28
379,663
379,348
379,1705
379,487
379,53
379,2039
379,534
379,676
379,3532
379,25
379,2294
379,738
379,3734
379,351
379,344
380,1703
380,333
381,527
381,478
381,348
381,333
383,529
383,1247
383,333
386,308
386,333
387,2077
387,2260
387,34
387,5
387,333
388,5455
388,164
388,563
388,333
389,2201
389,333
390,2717
390,333
391,5457
391,333
392,653
392,333
393,234
393,333
396,872
396,333
397,1033
397,5478
397,871
397,725
397,5120
397,1185
397,333
399,364
399,333
400,506
400,388
400,333
401,527
401,118
401,564
401,76
402,2297
402,344
402,541
402,76
403,516
403,749
403,76
404,173
404,3521
404,5503
404,2705
404,5491
404,31
404,1357
404,3554
404,738
404,1698
404,5501
405,320
405,76
407,5508
407,626
407,76
408,685
408,135
408,636
408,2534
408,5544
408,131
408,358
408,2023
408,394
408,83
408,2090
408,3724
408,3374
408,722
408,103
408,452
408,5511
409,246
410,3263
410,188
411,415
411,63
411,331
411,460
412,3594
412,5571
412,232
412,620
412,625
412,460
414,410
414,678
414,460
415,157
415,463
415,254
415,460
416,2179
416,460
417,71
417,460
419,2391
419,1803
419,5
419,143
422,36
422,699
422,143
424,36
424,677
424,143
425,143
426,231
426,6
426,154
426,63
426,143
427,32
427,143
428,143
431,3466
431,145
431,190
431,143
432,143
433,143
434,143
436,4056
436,4057
436,2283
436,390
436,28
436,485
436,659
436,570
436,660
436,2467
436,5582
436,388
437,256
437,1855
437,186
437,5608
437,342
437,3315
437,3482
437,5622
437,2704
437,1988
437,1799
437,2067
437,3521
438,2289
438,4132
438,143
440,143
441,5643
441,143
442,143
443,5659
443,143
446,156
446,18
446,155
446,192
446,32
446,199
446,2394
446,227
446,194
446,71
446,146
446,398
446,43
447,32
447,3268
448,114
448,3268
449,5352
449,3268
451,10
451,101
452,101
453,2494
453,789
453,2097
453,2211
453,1195
453,1037
453,5057
453,4130
453,5737
453,3355
453,1039
453,1817
454,2205
454,1804
458,741
458,2319
458,1677
458,238
458,83
458,102
459,102
460,5779
460,175
460,1605
460,5765
460,504
460,5817
460,111
460,2665
460,3361
460,712
460,5756
460,563
460,241
460,216
460,4056
460,1743
460,3264
460,506
460,5292
460,5444
460,3965
460,317
460,3081
460,4479
460,5754
460,5821
461,6
461,3478
461,355
461,102
462,32
462,102
463,12
463,102
465,643
465,102
466,102
467,102
476,46
476,2260
476,80
476,4417
476,102
477,633
477,29
477,633
477,102
478,120
478,116
478,88
478,102
479,334
479,2705
479,653
479,52
479,482
479,55
479,582
479,643
479,131
479,4491
479,591
480,102
481,596
481,102
482,102
483,102
484,102
485,102
486,190
486,32
486,3450
486,153
486,2291
486,102
487,102
490,71
490,102
491,644
491,102
492,30
492,102
493,2960
493,641
493,4491
493,2324
493,102
494,102
495,19
495,43
495,102
496,4543
496,2269
496,111
496,466
496,453
496,102
499,102
502,668
502,102
504,344
504,699
504,102
506,176
506,96
506,604
506,2261
506,344
506,84
506,102
509,102
512,2692
512,238
512,3349
512,102
513,102
517,102
519,102
520,3343
520,1195
520,102
521,102
523,43
523,1677
523,1676
523,372
523,102
525,102
528,231
528,102
531,518
531,162
531,194
531,16
532,641
532,16
534,16
535,5765
535,24
535,16
536,16
537,16
538,16
539,335
539,55
539,16
540,16
541,3503
541,2389
541,12
541,4295
541,58
541,569
541,16
542,16
543,16
545,595
545,16
548,4441
548,337
548,5877
548,16
550,16
551,16
552,653
552,2456
553,2456
554,2456
555,3947
556,3557
556,3947
557,2201
557,3947
558,3947
559,1594
559,3947
560,3947
561,766
561,4201
561,5938
561,5926
561,3593
561,2061
561,5927
561,1037
561,2060
561,1878
561,5530
561,1547
561,1217
561,3594
561,901
561,4386
561,5935
561,1034
564,214
564,72
564,318
564,159
564,174
564,103
566,103
569,666
569,103
570,2282
570,103
572,636
572,103
573,643
573,103
574,109
574,252
574,208
574,103
578,453
578,3542
578,2201
578,348
578,485
578,502
578,103
579,103
582,103
584,56
584,103
586,103
589,103
590,60
590,207
590,99
590,117
590,674
590,103
591,103
594,103
596,173
596,216
596,103
597,8
597,161
597,2282
597,103
598,103
602,103
603,103
604,103
605,2528
605,3468
605,709
605,103
608,103
610,3451
610,4414
610,2589
610,2717
610,54
610,643
610,161
610,356
610,641
617,55
617,103
618,103
619,103
620,103
621,598
621,103
624,3
624,682
624,103
625,453
625,162
625,6
625,103
627,364
627,103
628,8
628,344
628,63
628,103
631,103
633,12
633,103
634,103
636,103
637,3534
637,103
638,103
639,453
639,2294
639,32
639,454
639,455
639,103
640,2311
640,652
640,7
640,2273
640,103
641,103
642,103
646,52
646,103
647,70
647,103
648,2294
648,682
648,6
648,3501
648,103
651,70
651,103
652,3486
652,18
652,355
652,103
654,66
654,103
655,66
655,174
655,2259
655,103
656,103
657,103
658,103
660,103
661,2296
661,371
661,2694
661,103
663,527
663,2286
663,30
663,118
663,2077
663,103
664,103
665,515
665,116
665,335
665,103
669,103
670,103
672,212
672,103
673,103
675,103
677,619
677,103
678,103
680,2504
680,5981
680,2201
680,118
680,1681
680,103
681,112
681,2044
681,3469
681,3472
681,7
681,533
681,5983
681,2692
681,3724
681,398
681,1978
681,744
681,442
681,3349
681,686
681,2687
684,2330
684,2043
684,3721
684,103
687,103
689,103
690,103
691,103
692,103
694,103
697,2108
697,1521
697,3472
697,1642
697,103
699,103
700,153
700,46
700,103
702,103
703,8
703,174
703,431
703,103
709,103
712,103
713,103
714,103
715,4516
715,5994
715,2687
715,487
715,2077
715,56
715,3349
715,539
715,36
715,53
715,3359
715,231
715,216
715,470
715,2686
715,542
718,2393
719,207
719,32
719,161
719,192
719,2393
721,2393
725,231
725,34
727,32
727,34
728,34
729,32
729,34
730,6
730,2201
730,34
731,13
731,34
732,106
732,3361
732,207
732,161
732,1504
732,386
732,72
732,685
732,334
732,1914
733,34
734,483
734,116
734,252
734,34
736,355
736,62
736,678
736,34
737,34
738,43
738,34
740,518
740,162
740,542
740,34
741,34
742,34
744,3298
744,34
746,2090
746,3469
746,1970
746,2534
746,4365
746,1869
746,105
746,2044
746,6025
747,867
747,34
748,34
749,34
753,4554
753,34
754,34
755,34
756,34
757,34
758,130
758,34
761,66
761,60
761,567
761,2281
762,2281
763,208
763,2281
765,234
765,2281
766,1970
766,10
766,250
766,23
766,2281
768,144
769,228
769,144
770,2404
770,6051
770,485
770,6060
770,2220
770,1385
770,1224
770,982
770,683
770,809
770,4315
770,899
770,983
770,3651
771,3568
771,3564
771,4084
771,144
772,364
772,144
773,231
773,145
774,145
775,145
775,699
775,584
775,151
775,32
775,99
775,447
775,2394
775,476
775,69
776,2299
776,111
776,70
776,162
776,258
776,145
777,145
778,145
781,145
782,72
782,145
783,668
783,145
784,145
787,145
788,145
789,879
789,145
790,253
790,5122
790,9
790,145
793,1698
793,692
793,3348
793,145
795,3438
795,249
795,440
795,316
795,96
795,1676
795,85
795,145
796,755
796,145
798,461
799,500
799,2138
799,2178
799,1708
799,4059
799,461
800,461
802,643
802,461
803,407
803,442
803,5738
803,870
803,6163
803,1715
803,2291
803,3081
805,1852
805,1205
805,2424
806,6353
806,1053
806,6394
806,4208
806,647
806,278
806,6082
806,4043
806,4609
809,17
810,43
810,17
811,355
811,2294
811,4718
811,527
811,17
813,350
813,17
816,84
816,893
816,9
816,17
818,6414
818,897
818,6417
818,17
820,1205
820,2549
820,17
822,62
822,43
822,3
822,795
822,17
823,695
823,70
823,468
824,53
824,8
824,350
824,620
824,2294
824,641
824,344
824,2324
824,55
825,353
825,3469
825,25
825,2425
830,252
830,1659
830,2294
830,476
830,6
830,104
834,346
834,2297
834,96
834,104
839,2702
839,104
840,5805
840,104
841,701
841,4421
841,4544
841,502
841,4635
841,290
841,3543
841,686
841,503
841,5870
842,104
843,815
843,3975
843,1250
843,104
846,463
847,595
847,463
848,2294
848,646
848,247
848,46
848,463
849,463
850,2330
850,2324
850,1667
850,463
851,2697
851,29
851,683
851,3282
851,6029
851,463
854,4600
854,818
854,2529
854,3600
854,6451
854,6448
854,4649
854,4487
854,611
854,4829
854,2042
854,744
854,5005
856,2592
856,5240
856,1042
856,5232
856,3499
856,6527
856,1267
856,1018
856,886
856,1253
856,4970
856,3372
856,696
856,1304
857,463
858,463
859,1190
859,2322
859,3734
859,787
859,1237
859,463
860,809
860,635
860,659
860,516
860,1207
860,463
861,6575
861,1840
861,1549
861,4714
861,1617
861,1351
861,769
861,2048
861,1586
862,2317
863,786
865,3941
865,6598
865,2665
865,6597
865,2330
865,4189
865,3994
866,548
866,196
866,4766
866,1774
867,35
868,350
868,6605
869,2706
869,6605
870,584
870,6605
873,3384
873,3481
873,222
873,6605
874,1033
874,6614
874,3660
874,4388
874,1341
874,2290
874,72
874,4239
874,669
874,2017
874,1021
874,5501
875,5584
875,1304
875,707
875,5153
875,54
875,4149
875,4971
875,5142
875,3975
875,1387
876,606
876,2301
877,2301
878,2301
879,2301
881,43
881,527
881,284
881,2301
883,2301
884,2301
885,518
885,2178
885,2301
889,2301
890,453
890,3522
890,2301
891,2301
892,2301
893,2301
894,2301
895,2301
898,2694
898,2301
899,668
899,2301
900,502
900,453
900,500
900,628
900,1594
900,3452
900,454
900,1707
900,3450
900,2670
900,2039
900,3770
900,350
901,72
901,2301
910,2614
910,466
911,466
913,218
913,2297
913,349
913,466
915,466
918,466
919,1698
919,442
919,30
919,454
919,177
919,466
920,466
921,466
922,466
925,2614
925,466
926,466
929,653
929,466
931,466
932,466
935,466
939,502
939,56
939,662
939,98
939,2684
939,2077
939,466
940,567
940,2504
940,6730
940,466
941,350
941,3380
941,2044
941,3383
941,466
942,6735
942,3733
942,3342
942,5498
942,466
943,47
943,1625
944,2686
944,6753
944,1625
945,1625
948,5008
948,1625
949,759
952,759
954,6166
954,1626
956,1988
956,2553
956,1252
956,467
956,4188
956,3519
956,736
956,2068
956,539
956,3377
956,2200
956,5864
956,614
956,865
956,3501
956,6449
956,4459
956,6782
956,2132
956,6781
956,2704
956,4733
956,2089
956,40
956,4115
956,126
956,5866
956,2608
956,6598
956,387
956,6822
956,572
956,6771
958,1359
958,1626
959,2082
959,4927
959,2420
959,3346
959,1183
959,6827
964,2399
964,105
968,105
972,4203
972,728
972,696
972,816
972,105
973,1543
973,105
974,1870
974,4560
974,810
974,105
975,2181
975,685
976,685
977,3783
977,64
977,5805
977,4931
977,2704
977,2370
977,2081
977,685
978,685
979,6443
979,1609
979,1854
979,6885
979,4334
979,4449
979,6843
979,2182
979,589
979,1013
979,1392
979,495
979,6891
979,37
979,3349
979,5916
979,709
979,3938
979,1988
979,3468
979,1596
979,4975
979,4295
979,3471
980,685
981,1854
981,3468
981,539
981,685
982,538
982,455
982,2138
982,685
983,685
984,685
985,2960
985,231
985,487
985,3488
985,685
987,685
989,685
991,176
991,23
991,685
995,284
995,685
997,2420
997,174
997,3481
997,1854
997,44
997,663
997,2278
997,5287
997,455
997,2294
997,6100
997,56
997,3545
997,2327
997,504
997,3721
998,3429
998,685
1001,4090
1001,785
1001,5643
1001,685
1003,685
1005,685
1006,3385
1006,685
1007,685
1009,685
1010,685
1011,3511
1011,685
1013,5621
1013,685
1014,685
1015,832
1015,685
1016,4421
1016,5508
1016,874
1016,2713
1016,1969
1016,619
1016,1018
1016,256
1016,859
1017,3558
1017,685
1018,4164
1018,2221
1018,2022
1018,3513
1018,660
1018,4714
1018,1420
1018,1034
1018,6966
1018,3768
1018,1194
1018,1220
1018,3663
1018,1217
1018,6967
1018,4338
1018,766
1018,5940
1018,5389
1018,479
1019,1805
1020,714
1020,467
1023,467
1026,467
1027,695
1027,551
1027,467
1028,467
1029,467
1034,355
1034,666
1034,3734
1034,796
1034,4430
1034,467
1035,3377
1035,2049
1035,4414
1035,467
1037,467
1039,614
1039,467
1040,467
1041,3481
1041,548
1041,467
1048,3446
1048,1976
1048,2686
1048,7010
1048,467
1049,3734
1049,467
1050,4046
1050,46
1050,680
1050,7013
1050,485
1050,643
1050,70
1050,653
1050,118
1050,4721
1050,2201
1051,2504
1051,3287
1051,3385
1051,19
1051,2504
1051,467
1052,4449
1052,467
1054,467
1057,669
1057,467
1060,7020
1060,467
1061,467
1062,3572
1062,6854
1062,222
1062,740
1062,521
1062,467
1064,4450
1064,697
1064,2044
1064,700
1064,467
1065,467
1067,1192
1067,7077
1067,4236
1067,4177
1067,1242
1067,2228
1067,5768
1067,7103
1067,1560
1067,4993
1067,4360
1067,1262
1067,591
1067,5883
1067,2554
1067,227
1067,899
1067,1247
1067,6018
1067,491
1067,7045
1067,4152
1067,1549
1067,1222
1067,4772
1067,4729
1067,4829
1067,5980
1067,1705
1067,1586
1067,3928
1067,1285
1067,7118
1067,1538
1067,1328
1067,253
1067,3537
1067,3552
1067,3976
1067,4354
1067,2555
1067,1758
1067,4062
1067,320
1067,1531
1067,4145
1067,2171
1067,4908
1067,208
1067,4332
1067,1346
1067,1197
1067,3534
1067,6072
1068,5931
1068,467
1069,5934
1069,467
1070,3362
1070,468
1072,453
1072,2711
1072,1970
1072,443
1072,2272
1072,485
1072,455
1072,668
1074,1346
1074,3557
1074,1533
1074,3686
1074,2165
1074,7103
1074,2156
1074,1703
1074,2111
1074,1306
1074,4790
1074,4325
1074,3475
1074,2465
1074,1190
1074,506
1074,1988
1074,1183
1074,3524
1074,1294
1074,5726
1074,1351
1074,3473
1074,1200
1074,1098
1074,1192
1074,809
1074,1206
1074,7526
1074,7380
1074,1323
1074,4609
1074,5614
1074,3482
1074,702
1074,4937
1074,1237
1074,2514
1074,7214
1074,2472
1074,771
1074,5615
1074,1519
1074,1013
1074,7388
1074,4171
1074,5748
1074,4913
1074,6593
1074,1538
1074,3965
1074,5621
1074,1225
1074,5434
1074,6891
1074,5281
1074,798
1074,7351
1074,1296
1074,1244
1074,3496
1074,1857
1074,7171
1074,4251
1074,4326
1074,1069
1074,1113
1074,7291
1074,2069
1074,5069
1074,3734
1074,1340
1074,4352
1074,6583
1074,923
1074,7118
1074,5883
1074,5609
1074,2082
1074,4155
1074,2089
1074,2511
1074,2519
1074,2412
1074,7238
1074,991
1074,7167
1074,4857
1074,4903
1074,7581
1074,2493
1074,7516
1074,1210
1074,1324
1074,2316
1074,1815
1074,2516
1074,3751
1074,7441
1074,852
1074,2247
1074,1551
1074,7297
1074,1042
1074,2331
1074,1201
1074,1290
1074,7569
1074,5009
1074,2097
1074,4025
1074,4126
1074,6625
1074,1698
1074,2330
1074,538
1074,2495
1074,4152
1074,3778
1074,1374
1074,2569
1074,4297
1076,468
1077,699
1077,609
1077,468
1079,468
1080,6730
1080,6449
1080,2280
1080,4449
1080,3486
1080,5460
1080,3470
1081,4338
1081,1681
1087,6888
1087,2327
1087,4295
1087,5883
1087,5290
1087,930
1087,3470
1087,3678
1090,4104
1090,619
1090,865
1090,185
1090,9
1090,3678
1091,3678
1092,3678
1094,7650
1094,3678
1096,6423
1097,6423
1103,3291
1106,70
1106,3291
1108,7658
1108,2190
1108,3291
1110,4967
1110,1042
1110,983
1110,1210
1110,3291
1111,893
1115,5986
1115,709
1115,893
1119,2096
1119,893
1121,893
1122,7685
1122,893
1123,7690
1123,893
1124,893
1125,893
1126,4280
1126,7738
1126,4975
1126,1743
1126,3375
1126,1547
1126,4935
1126,5427
1126,4896
1126,4242
1126,2043
1126,1304
1126,7706
1126,7765
1126,6540
1126,1194
1126,4228
1126,2089
1126,1340
1126,1758
1126,3965
1126,6893
1126,7569
1126,298
1126,7705
1126,4610
1127,1814
1127,3424
1127,893
1131,2077
1131,70
1131,1976
1131,334
1131,2077
1131,2683
1132,736
1132,7780
1132,336
1132,2683
1134,1501
1134,2683
1135,5805
1135,2683
1138,2683
1139,667
1139,3475
1139,1009
1139,779
1139,5455
1139,4985
1139,2534
1139,6018
1139,7801
1139,1253
1139,4812
1139,5994
1139,3474
1139,830
1140,3489
1140,3374
1140,708
1140,2683
1141,6922
1141,283
1141,2683
1142,760
1142,7481
1142,4450
1142,4459
1142,4812
1142,4862
1142,706
1142,7575
1142,5486
1142,872
1142,1348
1142,1274
1142,2043
1142,4217
1142,3321
1142,3538
1142,2080
1142,4152
1142,5864
1142,1191
1142,1288
1142,2259
1142,117
1142,7100
1142,1707
1142,6097
1142,3321
1142,5382
1144,194
1144,3435
1144,746
1144,5499
1144,3432
1144,591
1144,788
1144,1547
1144,586
1144,30
1144,983
1144,20
1144,1503
1146,668
1146,2684
1147,6
1147,453
1147,8
1147,2684
1149,2684
1152,2420
1152,725
1152,5883
1152,3468
1152,4090
1152,2684
1153,659
1153,2684
1154,2684
1155,7833
1155,1815
1155,2712
1155,2684
1156,72
1156,5894
1159,5894
1162,7505
1162,7836
1162,4933
1162,2587
1162,3535
1162,2371
1162,3375
1162,5511
1165,701
1167,7844
1167,6123
1170,667
1170,5891
1170,2670
1170,6123
1174,2139
1174,2719
1174,871
1174,364
1174,3700
1174,4430
1174,2312
1177,3489
1177,4297
1177,2312
1179,2312
1181,2312
1183,2312
1185,2312
1186,5621
1186,2312
1189,2312
1191,2312
1192,390
1192,2312
1193,2312
1194,430
1194,2312
1196,3536
1196,2312
1200,798
1200,409
1200,552
1200,2312
1202,788
1202,2409
1202,4164
1202,7879
1202,1241
1202,1033
1202,7878
1202,1225
1202,3553
1202,903
1202,3568
1202,1311
1203,2312
1207,2312
1213,2312
1214,1543
1214,4643
1214,4642
1214,4126
1214,5499
1214,2312
1216,1535
1216,2312
1217,6408
1217,2312
1218,2260
1218,2312
1221,3949
1222,1598
1222,3949
1224,4519
1224,686
1225,5877
1225,6118
1225,2183
1225,538
1225,56
1225,4449
1225,871
1225,3471
1225,2330
1225,32
1226,4450
1226,686
1231,686
1232,686
1233,62
1233,2294
1233,663
1233,3472
1233,10
1233,686
1236,700
1236,2044
1236,3724
1236,686
1237,686
1239,3375
1239,5070
1239,570
1239,686
1241,4296
1241,1988
1241,4932
1241,3321
1241,3507
1241,686
1242,686
1243,3736
1243,686
1244,4449
1244,686
1245,686
1247,208
1247,5073
1247,2712
1247,686
1248,8045
1248,1210
1248,8085
1248,1741
1248,2330
1248,656
1248,2710
1248,4971
1248,2164
1248,6072
1248,1055
1248,3511
1248,1009
1248,5621
1248,796
1248,3781
1248,1700
1248,2082
1248,1284
1248,2420
1248,2017
1248,8079
1248,1610
1248,8048
1248,495
1248,668
1250,686
1251,686
1252,686
1255,686
1256,3556
1256,5120
1256,3513
1256,1598
1256,2204
1256,5825
1256,4859
1256,6580
1256,4015
1256,7172
1256,798
1256,2519
1256,7511
1256,1187
1256,1530
1256,688
1256,7171
1257,686
1259,7045
1259,3490
1259,3513
1259,3349
1259,1195
1259,1196
1259,8061
1259,3485
1259,1551
1259,2220
1259,3321
1259,626
1259,1215
1259,4239
1259,607
1259,608
1259,728
1259,2609
1259,1205
1259,7804
1259,3703
1259,2083
1259,1816
1259,8295
1259,1190
1259,5470
1259,4105
1259,3553
1259,605
1259,6912
1259,6738
1259,2378
1259,1218
1259,56
1259,5390
1259,2380
1259,4733
1259,8289
1259,2578
1259,238
1259,2264
1259,1983
1259,528
1259,852
1259,6625
1259,1186
1259,7388
1259,1274
1259,1207
1259,5400
1259,5292
1259,542
1259,1340
1259,2106
1260,1706
1260,686
1262,700
1262,3806
1262,5534
1262,686
1267,3546
1267,686
1270,2587
1270,686
1271,3481
1271,543
1271,686
1272,1710
1272,686
1278,686
1280,686
1282,4932
1282,686
1283,686
1284,56
1284,686
1285,686
1287,686
1288,686
1289,1819
1289,686
1293,687
1296,3377
1296,697
1296,3511
1296,687
1297,1698
1297,4419
1297,687
1299,3376
1299,3584
1299,687
1300,687
1301,687
1305,3460
1308,3460
1310,3460
1313,3460
1321,3460
1322,3460
1325,3460
1327,5292
1327,2365
1329,6827
1329,8357
1329,2365
1332,4193
1332,318
1332,313
1332,8430
1332,1250
1332,4970
1332,677
1332,2673
1332,5020
1332,5985
1332,1608
1332,2150
1332,447
1332,671
1332,4212
1332,1009
1332,6082
1332,574
1332,3786
1332,3430
1332,4201
1332,332
1332,7866
1332,1618
1332,8549
1332,8419
1332,5499
1332,5352
1332,2335
1332,2005
1332,1848
1332,5931
1332,5000
1332,5292
1332,31
1332,1994
1332,4215
1332,4784
1332,2885
1332,867
1332,4551
1333,3352
1335,3352
1337,3352
1339,5148
1342,7608
1342,1016
1342,897
1342,1951
1342,5129
1342,2570
1342,6719
1342,7380
1342,4809
1342,1277
1342,1021
1342,7690
1342,8365
1342,1351
1342,4075
1342,1018
1342,6022
1342,1317
1342,4816
1342,7402
1342,8893
1342,1815
1342,5931
1342,1306
1342,8815
1342,5825
1342,8417
1342,1600
1342,4724
1342,1207
1342,3660
1342,8896
1342,2965
1342,1368
1342,4326
1342,1300
1342,4642
1342,1926
1344,1073
1344,498
1344,5288
1344,1799
1348,570
1348,6
1348,8347
1348,689
1350,9017
1350,5051
1352,4610
1352,5381
1352,1329
1352,3964
1352,1301
1352,1343
1352,1113
1352,896
1352,780
1352,5240
1352,1599
1352,2536
1352,4322
1352,7886
1352,1294
1352,5279
1352,5148
1352,816
1352,3927
1352,1320
1352,2495
1352,4078
1352,3811
1352,2499
1352,1210
1352,1317
1352,1806
1352,3371
1352,1507
1352,4829
1352,4336
1352,7389
1352,5377
1358,503
1358,788
1358,3287
1358,629
1358,4212
1358,241
1358,4463
1358,3512
1358,6893
1358,474
1358,1708
1358,1346
1360,4222
1360,2489
1361,2013
1362,5560
1362,4783
1362,2464
1363,2013
1364,174
1366,5224
1367,3511
1367,5893
1367,129
1367,5447
1368,2409
1370,63
1373,1857
1373,9194
1373,2247
1373,1918
1373,1016
1373,4937
1373,1916
1373,3557
1373,2371
1373,5224
1373,440
1375,9190
1376,4193
1376,455
1376,298
1376,5872
1376,1899
1376,7636
1376,3481
1376,9190
1377,1706
1377,9190
1378,5872
1378,9190
1379,9190
1382,4465
1383,1659
1383,4465
1385,7844
1385,2476
1389,24
1389,4433
1389,4467
1390,2193
1390,1191
1390,3794
1390,71
1390,3675
1390,2089
1390,7320
1390,2504
1392,1034
1392,2176
1392,872
1392,2320
1392,681
1392,4295
1392,538
1392,2504
1392,4194
1392,2349
1392,4294
1392,283
1392,4463
1392,5070
1392,2404
1392,3261
1393,811
1395,1854
1396,1798
1398,6025
1398,1798
1399,1798
1400,830
1400,2089
1400,1479
1400,7658
1401,6032
1401,3540
1404,2291
1405,4772
1405,897
1408,4555
1411,1806
1414,760
1415,760
1421,210
1421,3980
1422,1300
1422,3768
1424,3342
1426,2459
1428,2014
1430,4808
1430,2014
1431,4078
1431,653
1431,900
1431,5234
1431,2014
1433,3574
1433,4522
1433,4600
1433,2014
1435,2014
1436,805
1436,618
1436,865
1436,442
1436,86
1436,708
1436,2014
1437,1351
1437,9465
1437,6051
1437,1034
1437,688
1438,688
1443,1897
1443,9474
1443,688
1445,688
1450,1549
1450,6614
1450,1852
1450,1033
1450,2104
1450,5307
1450,5501
1450,28
1450,1544
1450,982
1450,8295
1450,712
1450,4970
1450,1503
1450,7027
1450,983
1451,780
1451,5206
1451,817
1451,4388
1451,2412
1451,1017
1451,5400
1451,284
1451,5428
1451,5148
1451,7804
1451,4242
1452,688
1454,688
1455,1549
1455,688
1456,894
1457,894
1458,5477
1458,4714
1458,4428
1458,4123
1458,1697
1459,2475
1468,2460
1475,4554
1475,2460
1484,30
1484,2015
1485,1222
1485,1584
1485,6583
1485,2037
1485,109
1485,2015
1486,31
1486,2394
1488,3806
1491,4046
1492,1516
1492,4719
1496,1799
1497,3534
1497,1799
1501,1799
1503,3376
1503,5461
1503,1799
1504,1799
1506,9232
1506,7813
1506,9581
1506,1799
1507,1799
1509,8095
1509,6409
1511,6409
1515,6409
1516,3416
1516,3419
1516,1742
1516,3388
1516,6409
1521,9617
1521,7441
1521,6409
1522,6409
1526,6409
1527,1725
1531,3952
1532,3952
1533,4288
1533,4543
1533,8896
1533,1994
1533,319
1533,1533
1533,399
1533,455
1533,5821
1537,3551
1537,3952
1540,1520
1540,3952
1543,3952
1544,4652
1544,4330
1544,2494
1544,543
1544,3551
1544,1545
1544,6447
1544,8574
1544,82
1544,6435
1544,455
1544,64
1544,9680
1544,2385
1544,2514
1544,9684
1544,2200
1544,118
1544,4609
1544,6449
1544,672
1545,3952
1547,1556
1547,9686
1547,871
1547,3952
1548,2565
1548,1806
1549,7118
1549,809
1549,20
1549,2519
1549,5120
1551,5120
1553,9704
1560,728
1560,9704
1562,9704
1563,9704
1564,3806
1564,6029
1564,9704
1569,5166
1571,670
1573,1015
1574,4358
1574,132
1574,6540
1574,7291
1574,1916
1574,1773
1574,1935
1574,7805
1574,450
1574,1924
1574,2009
1574,1069
1574,2502
1574,6446
1575,7797
1579,2463
1580,2463
1583,56
1583,3955
1586,785
1587,872
1587,2464
1588,7223
1592,922
1597,9838
1597,310
1597,2223
1597,2049
1597,1260
1597,1806
1603,2464
1604,5031
1604,871
1604,2464
1605,2464
1606,5953
1606,3543
1606,4159
1606,1269
1606,1257
1606,1750
1606,4653
1606,2594
1606,3643
1606,7537
1606,731
1606,1006
1606,4969
1606,5104
1606,1327
1606,1889
1606,4312
1606,10031
1606,2183
1606,9871
1606,7055
1606,780
1606,6018
1606,1205
1606,276
1606,628
1606,1247
1606,7069
1606,2569
1606,6232
1606,4977
1606,10030
1606,4479
1606,8896
1606,5284
1606,3788
1606,1601
1606,7511
1606,5299
1606,545
1606,1347
1606,442
1606,479
1606,1536
1606,4665
1606,287
1606,6011
1606,6969
1606,4451
1606,5052
1606,1318
1606,1290
1606,3721
1606,1529
1606,1261
1606,3338
1606,5499
1606,7351
1612,3959
1614,5137
1617,1857
1617,1326
1617,4584
1617,4061
1617,1859
1617,5137
1618,5137
1619,5137
1620,6435
1620,5137
1621,2524
1621,2577
1621,1533
1621,5070
1621,815
1621,5137
1622,5137
1623,5137
1624,1593
1624,5137
1625,5137
1625,6730
1625,6449
1625,5234
1625,865
1625,5621
1625,653
1625,1013
1625,1740
1625,5009
1626,6417
1626,1976
1626,4164
1626,10186
1626,1553
1626,1346
1626,6079
1626,899
1626,4066
1626,4329
1627,5137
1629,10190
1630,10190
1631,1823
1631,10190
1633,1698
1633,5617
1633,10190
1634,10190
1635,10190
1636,10190
1637,328
1637,602
1637,478
1639,3382
1640,3453
1640,1343
1640,595
1640,4
1642,6827
1643,7237
1643,9202
1643,1855
1643,224
1643,4829
1643,4788
1643,2260
1643,2375
1643,7120
1643,2614
1643,3371
1643,3557
1643,1013
1643,10201
1643,5872
1644,6827
1645,6827
1647,2283
1647,2572
1647,2537
1647,10212
1647,2206
1647,2148
1647,2569
1647,453
1647,2067
1647,1504
1648,676
1648,2577
1648,1535
1648,4561
1648,8632
1648,6608
1649,3426
1649,157
1650,5927
1650,3481
1650,4809
1650,1600
1650,1538
1650,2043
1650,1709
1650,2465
1651,10133
1651,3454
1652,1523
1652,6763
1653,709
1653,2133
1653,1242
1653,925
1653,4124
1653,771
1654,706
1654,349
1654,5008
1654,788
1654,736
1654,2043
1655,3515
1655,1503
1655,369
1656,2104
1656,8085
1656,10410
1656,4982
1656,10385
1656,7719
1656,817
1656,4391
1663,54
1663,2080
1664,4816
1664,761
1665,761
1666,761
1669,761
1672,10444
1672,2069
1672,850
1672,761
1673,3763
1673,5334
1673,221
1673,1204
1673,5427
1673,4062
1673,1866
1673,1535
1673,6377
1673,2213
1673,1351
1673,1326
1673,1018
1673,1286
1673,2484
1673,10461
1673,2501
1673,1872
1673,1268
1673,64
1673,1327
1673,4665
1673,1837
1673,6447
1673,9772
1673,2164
1673,2483
1673,9262
1674,1073
1674,1260
1674,1324
1674,4469
1674,4084
1674,761
1676,663
1676,761
1679,2294
1679,761
1682,780
1682,10481
1682,761
1683,3377
1683,4009
1683,1248
1683,761
1684,1538
1684,761
1685,3710
1685,4646
1685,2600
1685,2247
1685,788
1685,9229
1685,761
1688,4074
1688,1017
1688,1198
1688,761
1691,1533
1691,761
1695,761
1696,761
1697,761
1702,761
1704,2534
1704,246
1704,617
1704,1970
1704,5931
1704,1700
1704,485
1704,785
1704,1540
1707,1276
1707,46
1707,1260
1707,4476
1707,1607
1707,4767
1707,109
1707,6079
1707,8574
1707,1579
1707,3768
1707,419
1707,4773
1709,4936
1709,761
1710,4938
1710,1816
1710,1333
1710,1300
1710,2109
1710,10194
1710,7690
1710,527
1710,2589
1710,1597
1710,6018
1710,1601
1710,1700
1710,96
1710,5621
1710,4449
1710,2568
1710,489
1710,567
1710,2049
1710,8661
1710,735
1710,1204
1710,4967
1710,1209
1710,1388
1710,230
1710,10545
1710,9506
1710,6888
1710,4936
1710,10133
1710,1196
1710,10548
1710,5020
1710,6896
1710,3525
1710,2079
1710,299
1710,1536
1710,7780
1710,730
1710,4784
1710,4714
1710,37
1710,3794
1710,4609
1710,2524
1710,7441
1710,1347
1710,4524
1710,643
1710,6445
1710,1192
1710,585
1710,5460
1714,5224
1714,697
1714,2440
1714,4975
1714,591
1714,4730
1714,1547
1714,6865
1714,6079
1714,483
1714,2787
1714,3545
1715,761
1716,815
1716,2157
1716,2220
1716,1420
1716,1055
1716,5421
1716,1385
1716,7108
1716,1848
1716,4863
1716,4316
1717,761
1719,3964
1720,2598
1720,1833
1727,4320
1727,1806
1730,1806
1731,1705
1731,155
1731,4413
1731,447
1731,3290
1731,308
1731,3441
1731,358
1731,3621
1731,496
1731,2296
1731,7045
1731,714
1731,1694
1731,52
1731,240
1731,493
1734,140
1734,1806
1736,2636
1736,1806
1737,3651
1737,8785
1737,1806
1738,4643
1738,1806
1739,1204
1739,789
1739,1205
1739,1806
1741,1806
1744,2017
1747,2017
1749,882
1749,815
1749,706
1749,2569
1749,2017
1750,1199
1752,1196
1752,9017
1752,1288
1752,3474
1752,3556
1752,1306
1752,3557
1752,7171
1752,1018
1752,2183
1753,2467
1754,2467
1756,118
1759,4073
1760,258
1760,2294
1760,4312
1760,5980
1760,1072
1760,259
1760,1837
1764,10610
1764,762
1767,1287
1767,2577
1767,6583
1767,2043
1767,2536
1767,762
1768,1034
1768,5020
1768,1608
1768,239
1768,1049
1768,762
1769,9852
1770,4081
1770,3972
1770,1195
1770,9852
1773,3547
1773,896
1774,4147
1774,896
1779,896
1780,7702
1780,1346
1780,1555
1780,221
1780,4729
1780,3600
1780,238
1780,2042
1780,563
1780,1304
1780,589
1780,3515
1780,4788
1780,983
1780,769
1780,10705
1781,1185
1781,3703
1781,4155
1781,896
1782,896
1783,96
1783,896
1784,6447
1784,4242
1784,3551
1784,896
1785,1260
1785,4985
1785,785
1785,4874
1785,4590
1785,4961
1785,6451
1785,5427
1785,4323
1785,2060
1785,1408
1785,2049
1785,4969
1785,2080
1785,6996
1785,1365
1785,1219
1785,1535
1785,4797
1785,7028
1785,4983
1785,1586
1785,1009
1786,1918
1786,896
1788,816
1788,1073
1788,1976
1788,3763
1789,780
1789,8778
1789,3763
1794,1195
1794,1859
1794,1354
1794,769
1797,806
1797,1545
1797,3927
1798,508
1798,4304
1798,1710
1798,2476
1798,9686
1798,3927
1800,6067
1800,7036
1800,1586
1800,4982
1800,6661
1800,913
1800,10885
1800,3927
1803,2537
1803,3965
1804,1198
1804,833
1804,3965
1805,3965
1807,3965
1810,3965
1816,1600
1816,791
1817,1192
1818,1204
1818,1196
1818,1202
1818,1354
1818,2223
1818,4781
1818,2096
1818,5427
1818,1374
1818,4947
1818,4530
1818,809
1818,2206
1820,1519
1820,6046
1821,3810
1821,1568
1821,6046
1822,5100
1822,4081
1822,10950
1822,3293
1822,8295
1822,5005
1822,4195
1822,1073
1822,1535
1822,3721
1822,1551
1822,3805
1822,6421
1822,1342
1823,3874
1823,5577
1823,132
1823,10950
1823,1205
1823,3161
1823,1295
1823,9144
1823,1535
1823,3724
1823,1579
1823,1031
1823,788
1823,1335
1824,897
1824,1241
1824,2234
1824,2620
1824,4386
1824,4330
1824,3161
1824,906
1824,7291
1824,8545
1825,1551
1825,1204
1825,2213
1825,5148
1826,11033
1826,11031
1826,1534
1826,4609
1826,7100
1826,6922
1826,2493
1826,3304
1828,4829
1828,3973
1829,1304
1829,2244
1829,882
1829,1556
1829,1195
1829,5307
1829,11049
1830,1346
1830,4859
1830,7076
1830,769
1832,4975
1832,696
1832,769
1832,7258
1832,899
1834,899
1837,899
1838,1196
1838,10460
1838,493
1838,2097
1838,899
1840,9568
1840,9688
1840,899
1841,899
1842,284
1842,4839
1844,900
1845,2067
1845,9455
1845,900
1847,3973
1847,9488
1847,5935
1847,7122
1847,4332
1847,696
1847,2579
1847,4015
1847,5206
1847,9
1847,4226
1847,5005
1847,4153
1847,6894
1847,7027
1847,4975
1847,6739
1847,5994
1848,247
1848,3978
1848,1862
1848,900
1851,901
1859,901
1860,901
1861,901
1862,816
1862,1368
1862,3468
1862,1041
1862,901
1865,815
1865,4450
1865,2294
1865,1039
1865,4165
1865,4991
1866,2665
1866,4991
1867,879
1867,4991
1868,1269
1868,5279
1868,1350
1868,4991
1871,1540
1871,3559
1871,10201
1871,722
1871,765
1872,765
1873,2494
1873,7077
1873,765
1874,1204
1874,786
1874,4155
1874,765
1875,4338
1875,765
1877,765
1882,4338
1882,766
1883,1197
1883,766
1885,3510
1885,10552
1885,88
1886,983
1889,1848
1889,6072
1889,904
1891,7027
1895,3972
1898,4620
1898,3973
1899,1823
1899,3973
1901,1340
1901,6661
1901,741
1901,7258
1901,3973
1903,4431
1903,3517
1903,8574
1903,3973
1904,2213
1904,2395
1904,6444
1904,4330
1904,4781
1904,725
1904,2495
1904,614
1904,4530
1904,419
1904,1250
1904,295
1904,5864
1904,4784
1904,6228
1904,4338
1904,4322
1904,4062
1905,4939
1905,4063
1905,5073
1905,4530
1905,1250
1905,2211
1905,1988
1905,7402
1905,4560
1905,1531
1905,2152
1905,5385
1905,4788
1905,780
1905,2065
1905,1348
1910,11208
1910,3550
1910,1207
1910,9914
1910,1555
1910,10170
1910,4449
1910,4330
1910,2294
1910,769
1910,6447
1910,4309
1910,1301
1910,9727
1910,4066
1910,2513
1910,6897
1910,1504
1910,4316
1910,4358
1910,361
1910,10552
1910,96
1910,7859
1910,2165
1910,2060
1910,5334
1910,5980
1910,10781
1910,7770
1910,71
1910,4609
1910,7628
1910,6891
1914,6067
1914,1618
1914,10752
1914,5642
1914,1588
1914,1432
1914,4896
1914,4848
1914,4893
1914,920
1914,4071
1914,4872
1914,4228
1914,2081
1914,7441
1914,2221
1914,3975
1914,6451
1914,5010
1914,7151
1916,3973
1917,5010
1917,3973
1919,5153
1920,502
1921,1039
1924,5872
1924,18
1925,769
1926,4154
1926,3685
1926,769
1927,5104
1927,7879
1927,2571
1927,2059
1927,4829
1927,8289
1927,1610
1927,2022
1927,4053
1927,2220
1928,4982
1928,769
1930,769
1934,769
1943,769
1944,769
1945,1033
1945,2024
1945,4872
1945,769
1948,3994
1948,719
1948,769
1953,769
1955,769
1961,769
1963,769
1965,1039
1965,2513
1965,769
1969,769
1971,4089
1971,1424
1971,769
1972,1417
1972,504
1972,862
1972,1754
1972,4764
1972,4338
1972,2031
1972,4067
1972,4449
1973,5985
1973,6966
1973,643
1973,611
1973,4609
1973,453
1973,4936
1973,7039
1973,2065
1973,4864
1973,1340
1973,3685
1973,2537
1973,1547
1973,2303
1973,1613
1973,1586
1973,2059
1974,8282
1974,5434
1974,3978
1978,4797
1978,905
1979,905
1981,905
1982,1220
1982,905
1987,8282
1987,1053
1987,1318
1987,906
1988,3652
1988,11498
1988,1856
1990,28
1992,9591
1992,5719
1992,1556
1992,9885
1994,4323
1994,7018
1998,320
1998,4471
1999,699
1999,5106
1999,1973
1999,243
1999,2096
1999,4839
2000,4839
2002,3976
2003,5503
2003,3976
2009,2031
2010,3602
2013,7702
2016,11536
2016,2020
2017,1242
2017,5011
2017,907
2018,907
2020,907
2022,3535
2022,561
2022,7885
2022,4309
2022,2183
2022,6897
2022,1190
2022,4524
2022,5400
2023,4970
2023,1034
2024,3938
2024,7280
2024,2421
2024,4071
2029,5166
2031,4084
2032,4923
2032,2113
2032,2037
2032,6885
2032,4469
2033,4089
2033,1579
2033,7581
2033,9539
2033,913
2033,404
2033,3978
2034,1357
2034,2213
2034,780
2034,1337
2034,7028
2036,913
2037,4169
2037,1579
2037,10133
2037,7036
2037,1222
2037,7926
2042,5253
2042,4053
2042,1862
2042,3978
2050,2022
2055,1253
2055,3980
2057,1260
2057,7878
2057,7608
2057,4863
2057,1311
2057,7926
2061,911
2062,3490
2062,1743
2062,356
2062,911
2064,1618
2064,2024
2066,4391
2066,4961
2066,4985
2066,7879
2066,8085
2066,4856
2066,2322
2066,913
2067,1338
2067,8579
2067,1983
2067,2507
2068,913
2069,4328
2069,817
2069,11786
2069,6607
2069,6822
2069,2205
2069,5292
2069,7821
2069,4886
2069,4887
2069,750
2069,5879
2069,2280
2069,3532
2069,4938
2069,1742
2069,2270
2072,6055
2072,4051
2072,6474
2072,4386
2072,4288
2072,1037
2072,1575
2072,9676
2072,2231
2072,2394
2072,1039
2072,593
2076,7151
2077,1977
2077,1780
2078,5065
2078,4957
2078,6583
2078,4320
2078,2063
2078,1667
2078,991
2083,2686
2084,1743
2085,1059
2085,1579
2085,10872
2088,10872
2089,1579
2089,326
2091,4394
2091,919
2092,919
2098,10275
2101,1862
2101,8048
2101,591
2101,82
2101,6540
2101,920
2103,920
2108,6079
2108,10188
2110,4071
2113,4358
2113,3983
2114,3983
2117,4469
2118,7280
2123,2087
2123,7087
2123,4848
2125,2031
2127,2237
2127,2031
2133,1773
2133,7167
2134,4814
2134,4829
2134,455
2134,2080
2134,7167
2141,146
2142,570
2142,146
2143,2131
2143,334
2143,2283
2143,2608
2146,3263
2146,11978
2146,3337
2146,6
2146,5068
2147,374
2147,744
2147,346
2147,288
2147,27
2147,116
2147,8
2147,5068
2148,5068
2150,3303
2150,5849
2151,5849
2153,518
2153,447
2153,470
2154,2177
2154,470
2155,72
2155,470
2156,593
2156,109
2156,1667
2156,748
2156,470
2157,70
2157,470
2160,199
2160,69
2160,470
2161,470
2171,3454
2175,379
2175,12
2175,641
2175,497
2175,567
2175,11977
2176,11977
2177,11977
2180,56
2180,471
2183,5122
2185,5122
2186,5122
2188,7836
2192,1697
2193,1697
2194,1697
2196,1697
2197,1697
2198,326
2198,5349
2198,1697
2202,1598
2202,1697
2207,7910
2210,827
2210,1919
2210,7910
2215,9191
2218,5027
2221,5027
2233,262
2236,2043
2241,2682
2251,3593
2251,5168
2253,1522
2253,986
2258,10964
2258,110
2258,6228
2262,7700
2266,4417
2266,1970
2266,1837
2267,364
2267,1837
2269,5031
2275,5101
2277,2183
2277,3420
2277,3794
2277,2066
2284,2501
2284,1343
2284,925
2285,595
2285,1758
2285,925
2286,925
2292,9
2292,344
2292,10
2292,393
2295,500
2295,359
2295,361
2295,78
2295,5522
2295,472
2297,3527
2297,12001
2297,472
2298,472
2301,472
2303,2294
2303,147
2306,147
2307,147
2309,205
2309,66
2309,2386
2309,3342
2310,3342
2311,106
2313,148
2315,4195
2315,148
2316,4056
2316,66
2316,402
2317,70
2317,241
2319,509
2321,164
2321,6030
2321,1727
2321,9643
2321,4797
2321,747
2321,154
2321,663
2321,3438
2321,390
2321,18
2321,479
2321,3290
2323,689
2325,7020
2325,4296
2325,2201
2325,2611
2325,5483
2325,689
2326,689
2327,689
2329,689
2331,2320
2331,689
2333,689
2336,689
2337,689
2339,689
2340,495
2340,6558
2340,131
2342,8980
2344,5489
2345,5489
2347,5489
2348,3710
2348,10545
2348,3650
2348,5489
2354,24
2354,1700
2354,6878
2355,6878
2356,3315
2356,6878
2360,2472
2362,2472
2364,2472
2372,2472
2380,4370
2380,5224
2382,441
2382,35
2383,27
2383,1535
2383,1543
2383,4084
2383,423
2383,3337
2384,4296
2384,3929
2385,10168
2388,6122
2388,5584
2388,2096
2388,9388
2389,5870
2389,928
2394,123
2399,381
2399,2182
2399,10174
2402,231
2402,3343
2403,1970
2403,2009
2403,4642
2403,1253
2403,8815
2403,497
2407,626
2407,3469
2412,4449
2412,672
2415,2882
2417,659
2417,3806
2418,670
2420,670
2421,29
2421,670
2424,1982
2424,670
2425,1549
2425,670
2433,12372
2433,1073
2433,845
2433,12369
2436,3302
2436,3513
2436,479
2444,6100
2444,3617
2447,10735
2450,3349
2450,3345
2454,711
2454,10193
2454,3703
2455,6421
2455,2587
2455,3555
2455,7030
2455,5505
2455,475
2456,10569
2456,2636
2456,7631
2456,8335
2456,12408
2461,4935
2461,7122
2461,4560
2461,10852
2461,1779
2462,860
2462,1779
2466,2081
2466,1975
2466,2420
2466,2327
2466,355
2466,12369
2470,12369
2474,78
2477,1424
2477,930
2479,3462
2486,498
2487,3506
2489,2474
2492,4468
2492,5870
2492,3439
2498,12498
2502,3492
2502,2568
2502,12498
2504,6011
2504,320
2504,5381
2504,3546
2504,737
2504,2083
2504,367
2509,3384
2512,2569
2512,935
2519,397
2520,4573
2524,1750
2527,1009
2529,1612
2529,10476
2535,2089
2535,1326
2535,1016
2536,9622
2536,1042
2536,1893
2536,2047
2537,10464
2537,1300
2539,4168
2542,124
2542,83
2542,1878
2542,9478
2543,409
2544,1205
2544,788
2544,1340
2544,1004
2545,9253
2545,387
2545,2476
2546,1034
2553,671
2554,1557
2554,454
2555,6549
2555,2327
2561,2213
2561,10446
2563,5288
2563,824
2563,5524
2569,972
2571,1368
2571,3622
2573,1062
2576,1811
2579,394
2580,114
2580,501
2580,2180
2580,308
2580,349
2580,433
2580,79
2580,175
2580,319
2581,13
2581,35
2582,35
2584,35
2586,35
2588,5893
2588,1710
2588,71
2588,2689
2588,2268
2588,35
2589,35
2592,35
2593,319
2593,35
2594,663
2594,35
2596,395
2598,395
2599,388
2599,641
2599,218
2599,476
2599,2697
2599,395
2600,395
2601,395
2605,111
2605,28
2605,1658
2605,131
2607,131
2608,131
2610,1853
2610,700
2610,131
2611,131
2612,131
2613,65
2613,174
2613,68
2613,131
2614,71
2614,65
2614,5
2614,43
2614,131
2615,207
2615,161
2615,361
2615,585
2615,28
2615,606
2615,153
2615,247
2615,595
2616,131
2617,2335
2617,131
2618,131
2620,131
2621,131
2622,131
2623,106
2623,2491
2623,527
2623,131
2624,131
2627,71
2627,131
2630,2322
2630,131
2631,131
2635,348
2635,131
2637,1247
2637,131
2641,131
2644,131
2645,210
2645,366
2646,366
2647,2636
2647,366
2650,1717
2651,1717
2652,1717
2653,1717
2654,1717
2657,1717
2661,1717
2662,367
2664,367
2665,1365
2665,4106
2665,4643
2665,602
2665,114
2665,1543
2665,1072
2665,7866
2665,4325
2666,3280
2668,2130
2668,1499
2668,3345
2669,3345
2670,6890
2670,3345
2677,7855
2677,1661
2678,43
2678,238
2679,3301
2681,199
2681,4888
2681,475
2682,177
2682,3600
2682,475
2683,6
2683,502
2683,2299
2683,475
2684,475
2686,72
2686,475
2687,475
2690,2322
2690,475
2691,475
2692,697
2692,3321
2692,3488
2692,475
2693,475
2694,475
2695,2380
2695,7089
2695,4147
2695,563
2695,475
2698,475
2702,2609
2703,2706
2703,4930
2703,6449
2703,682
2703,69
2703,2609
2705,2609
2711,2326
2712,2326
2714,2181
2714,64
2715,3554
2715,3693
2717,3693
2718,4352
2718,3693
2719,5168
2721,5168
2726,4298
2726,2394
2728,7222
2735,3374
2735,5980
2735,774
2739,1914
2739,455
2742,1895
2742,259
2744,2170
2744,5985
2747,661
2747,2474
2748,2474
2750,2474
2752,2474
2753,2474
2757,3440
2765,7876
2765,2475
2768,2244
2768,2476
2769,3438
2769,63
2769,2534
2769,2476
2774,4961
2774,2476
2775,2476
2776,1111
2781,4203
2785,706
2785,128
2785,3473
2788,1667
2788,1536
2788,4324
2788,1544
2788,114
2788,696
2788,816
2788,4643
2792,811
2792,1343
2792,982
2794,221
2794,983
2795,983
2798,983
2800,983
2805,2037
2806,5100
2809,483
2809,6
2809,396
2810,71
2810,396
2811,797
2811,1006
2811,1816
2811,396
2815,6163
2815,5175
2816,5175
2817,3337
2821,397
2824,397
2827,2394
2829,683
2829,2394
2832,2394
2834,2394
2835,2394
2836,885
2836,398
2839,342
2839,5446
2842,28
2842,7918
2842,7091
2842,598
2842,388
2842,447
2842,36
2842,5223
2842,725
2845,5290
2845,8296
2845,3994
2846,3994
2847,9457
2850,2330
2850,2492
2850,714
2850,775
2851,1287
2851,775
2853,775
2855,775
2861,424
2861,521
2861,5113
2861,12893
2862,12893
2863,1031
2870,1823
2870,3372
2874,526
2880,874
2880,692
2882,3580
2888,7122
2888,6051
2890,2578
2890,1016
2893,9495
2893,991
2894,2037
2896,56
2896,5853
2908,4537
2909,4537
2912,56
2912,2694
2913,2096
2915,2685
2917,2685
2918,2685
2924,369
2925,3538
2929,11055
2940,5748
2941,5748
2942,5748
2949,5748
2951,6726
2954,6726
2967,7631
2968,6449
2968,244
2969,4786
2969,3770
2987,4656
2987,3287
2987,10481
2987,154
2990,12408
2992,792
2992,2304
2992,479
2994,13152
3004,1194
3005,60
3012,7537
3012,10476
3017,852
3031,9213
3033,1290
3045,4814
3045,779
3057,13265
3065,7320
3068,259
3068,9384
3068,3768
3084,10317
3084,1862
3086,9213
3093,9213
3105,1840
3118,13329
3118,3385
3118,1478
3118,8330
3119,8330
3122,8330
3161,2211
3161,788
3162,2494
3167,124
3171,46
3171,335
3171,111
3171,476
3172,4538
3175,850
3175,4538
3177,2712
3177,2292
3177,2697
3177,585
3177,5439
3178,5439
3179,56
3179,5439
3184,2042
3184,455
3184,5597
3185,5597
3187,5597
3190,11878
3196,7705
3205,320
3205,455
3207,13416
3210,680
3210,13416
3211,13416
3212,13398
3220,552
3222,1153
3227,5387
3227,5016
3229,10930
3229,440
3229,5016
3236,3521
3236,4309
3236,6450
3236,1857
3236,3528
3236,8308
3238,2131
3242,3576
3245,3489
3245,5980
3245,5924
3245,7172
3245,1187
3245,3565
3251,4044
3251,2065
3251,486
3252,502
3254,5848
3257,4309
3257,1897
3263,7705
3265,7705
3266,3463
3266,9626
3266,7705
3273,7018
3292,1351
3292,1301
3292,589
3292,8308
3294,5478
3294,785
3296,2069
3300,6760
3300,3420
3300,11049
3302,8346
3303,10950
3311,9871
3327,11167
3338,1850
3339,502
3339,4795
3339,4812
3339,7526
3339,4724
3339,82
3339,116
3344,3469
3346,2419
3346,320
3346,319
3346,2611
3346,6378
3346,118
3354,13403
3355,13403
3358,788
3376,3538
3376,8059
3376,2524
3376,4261
3376,8367
3377,11208
3379,2719
3379,11208
3382,5885
3382,3770
3385,1857
3388,5621
3388,1072
3388,5477
3388,672
3389,9197
3389,5985
3391,453
3394,796
3396,2067
3397,1768
3415,8346
3420,6450
3420,8346
3423,8346
3425,2611
3438,13439
3439,453
3449,1490
3449,3463
3450,5008
3450,3463
3458,1529
3458,4996
3464,162
3479,1725
3483,4696
3483,80
3484,2572
3484,1739
3486,41
3491,1555
3491,10163
3495,2569
3495,2193
3496,696
3498,3694
3499,811
3499,1855
3499,2349
3499,780
3502,11152
3506,2534
3506,5478
3506,13711
3506,1195
3506,5779
3506,454
3510,9727
3511,9727
3522,5719
3523,1534
3523,780
3524,1980
3524,282
3524,2300
3524,4721
3528,10551
3528,1841
3532,9637
3543,5060
3543,4773
3543,10705
3546,10705
3553,4626
3554,6438
3562,5768
3567,1730
3574,8357
3574,785
3582,1455
3582,1856
3583,5309
3583,5287
3587,4084
3590,7223
3598,816
3605,1550
3605,4078
3606,6738
3606,501
3607,238
3609,238
3610,238
3611,231
3611,238
3613,46
3613,238
3614,2288
3614,49
3614,238
3615,32
3615,135
3615,8
3615,43
3615,238
3617,4058
3617,4625
3617,88
3617,238
3620,238
3622,871
3622,238
3624,238
3625,238
3627,238
3630,72
3630,57
3631,25
3631,71
3631,3589
3632,199
3632,635
3632,54
3632,2038
3632,337
3632,3589
3633,3589
3636,18
3639,1866
3639,217
3639,18
3640,91
3640,18
3641,18
3642,595
3642,18
3643,18
3644,18
3645,18
3646,18
3649,18
3651,338
3651,755
3651,18
3652,18
3654,2412
3654,18
3655,96
3655,18
3660,18
3663,22
3663,6
3663,128
3663,116
3666,351
3666,116
3669,70
3669,116
3671,4046
3671,2419
3671,4295
3671,1973
3671,493
3671,37
3671,116
3673,2696
3673,2077
3673,818
3673,116
3674,116
3675,116
3678,55
3678,399
3682,582
3682,399
3686,399
3687,399
3688,65
3688,399
3694,399
3695,399
3696,3765
3698,3765
3699,3765
3700,114
3700,3765
3701,400
3702,400
3704,400
3706,400
3708,1744
3708,337
3708,737
3709,729
3709,737
3713,641
3713,151
3714,67
3714,151
3715,151
3718,53
3718,2290
3719,364
3719,2290
3720,174
3720,592
3720,476
3721,476
3723,476
3724,2694
3724,4422
3724,476
3725,12
3725,476
3726,476
3727,476
3728,56
3728,476
3730,597
3730,476
3731,4539
3731,2259
3731,476
3732,476
3733,476
3734,270
3734,224
3734,476
3737,476
3738,476
3740,480
3740,363
3740,476
3741,476
3742,70
3742,476
3743,310
3743,476
3745,830
3745,9
3745,99
3745,476
3747,2131
3747,2689
3747,2269
3747,476
3749,476
3750,476
3751,476
3754,30
3754,476
3755,476
3756,476
3757,476
3758,476
3760,55
3760,476
3761,476
3762,476
3763,231
3763,476
3764,56
3764,476
3765,217
3765,476
3766,682
3766,298
3766,476
3767,676
3767,262
3767,359
3767,476
3769,476
3770,351
3770,476
3771,476
3773,476
3775,476
3776,224
3776,476
3778,72
3778,476
3779,2294
3779,476
3780,476
3781,476
3785,1700
3785,3485
3785,13839
3785,476
3788,239
3789,13
3789,239
3790,239
3791,1555
3791,239
3792,7320
3792,6118
3792,12121
3792,741
3792,329
3792,239
3794,581
3794,98
3794,295
3794,352
3794,443
3794,584
3794,620
3794,6001
3794,161
3794,69
3796,270
3796,79
3796,2399
3796,1659
3796,288
3796,4624
3796,246
3796,2303
3801,11978
3801,44
3801,1672
3801,1698
3801,234
3801,224
3801,646
3801,495
3801,4090
3801,728
3802,4812
3802,9901
3804,70
3804,11978
3806,11978
3810,346
3810,350
3810,738
3813,4625
3813,2175
3813,58
3816,236
3820,71
3820,236
3824,543
3824,166
3824,337
3824,240
3825,279
3825,2300
3825,240
3826,240
3828,71
3828,671
3829,671
3831,355
3831,3450
3831,671
3832,277
3832,638
3832,320
3832,174
3832,364
3832,31
3832,649
3832,162
3832,185
3832,55
3833,4422
3833,284
3833,597
3833,671
3834,6807
3834,4781
3834,361
3834,276
3834,4461
3834,4005
3835,3547
3835,1546
3835,3494
3835,6435
3835,4005
3839,335
3839,8
3839,202
3839,478
3842,349
3842,478
3843,478
3844,3580
3844,478
3847,478
3851,2697
3851,70
3851,152
3853,152
3854,152
3855,1703
3855,152
3859,643
3859,153
3861,153
3862,153
3863,5805
3863,153
3865,227
3865,153
3868,70
3868,154
3869,262
3869,254
3869,112
3869,154
3871,52
3871,154
3872,130
3872,154
3873,154
3874,154
3877,118
3878,198
3878,2177
3878,118
3880,2283
3880,1672
3880,118
3881,521
3881,112
3881,118
3882,12
3882,118
3885,89
3885,96
3885,118
3886,246
3886,431
3886,118
3888,1706
3888,118
3889,453
3889,3568
3889,247
3889,1667
3889,668
3889,2201
3889,2529
3889,161
3889,646
3889,3576
3889,2718
3889,643
3889,483
3889,246
3889,283
3891,118
3893,118
3895,22
3895,254
3895,66
3895,118
3896,118
3898,118
3900,118
3901,606
3901,118
3902,132
3902,2176
3902,118
3903,118
3907,20
3907,3600
3907,30
3907,4
3907,63
3907,118
3908,2307
3908,2176
3908,295
3908,409
3908,2107
3908,118
3910,118
3911,8
3911,3362
3911,118
3912,118
3914,118
3916,606
3916,118
3920,118
3922,118
3923,871
3923,118
3926,118
3927,118
3932,118
3933,118
3937,1982
3937,118
3943,36
3945,36
3947,36
3948,36
3950,564
3950,606
3950,36
3951,70
3951,36
3952,1710
3952,36
3953,12
3953,36
3955,638
3955,36
3956,2136
3956,496
3956,3501
3956,36
3957,2294
3957,36
3959,454
3959,712
3959,12
3959,4288
3959,2042
3959,3584
3959,5497
3959,2713
3959,344
3959,3470
3959,299
3961,234
3961,36
3962,56
3962,36
3963,355
3963,4056
3963,213
3963,155
3964,347
3964,677
3964,1501
3964,155
3969,155
3970,155
3972,155
3975,155
3976,155
3977,196
3977,155
3979,156
3980,2686
3981,2686
3982,2686
3983,1673
3983,2686
3985,2686
3988,355
3988,1700
3988,2686
3991,2686
3992,2686
3993,2686
3995,2686
3998,3564
3999,447
3999,3564
4002,1847
4004,2009
4004,1847
4007,6001
4014,2420
4014,2038
4015,2038
4018,2670
4018,5012
4018,3778
4018,1186
4018,3282
4019,643
4019,1848
4020,3483
4020,3478
4020,336
4020,1848
4022,364
4022,1848
4025,1848
4026,1848
4027,1848
4031,64
4031,453
4031,820
4031,344
4033,388
4033,344
4035,70
4035,344
4037,2277
4037,344
4038,2294
4038,344
4040,344
4042,344
4043,3770
4043,70
4043,344
4053,344
4054,344
4055,344
4062,364
4062,344
4063,645
4063,344
4066,344
4067,2731
4067,344
4068,320
4068,344
4069,2078
4069,2297
4069,3522
4069,344
4071,344
4076,344
4081,324
4081,344
4082,63
4082,206
4082,344
4083,344
4084,1744
4084,315
4084,344
4086,388
4086,344
4087,344
4088,344
4089,344
4091,344
4094,2257
4094,344
4095,52
4095,344
4096,344
4098,2611
4098,6810
4098,344
4105,344
4107,344
4109,739
4111,589
4111,4718
4118,647
4118,3465
4119,3465
4120,1501
4120,6808
4120,2710
4120,479
4124,6854
4124,5031
4124,53
4124,3466
4125,3466
4127,4993
4129,2294
4129,2039
4130,641
4130,2039
4131,2039
4133,2039
4135,6433
4135,2039
4136,2039
4137,2039
4138,2039
4140,2294
4140,480
4141,730
4141,480
4142,480
4144,480
4146,480
4147,1670
4147,199
4147,2261
4147,480
4149,388
4149,480
4151,10317
4151,480
4153,4970
4153,4050
4155,5447
4159,4149
4159,174
4159,1352
4159,740
4160,235
4160,527
4162,674
4166,482
4168,483
4169,2294
4169,2687
4171,2687
4174,3694
4180,55
4180,485
4182,55
4182,485
4183,485
4186,486
4189,487
4190,453
4190,2185
4190,3727
4190,4932
4190,2044
4190,785
4190,487
4192,487
4193,487
4194,2197
4194,487
4195,487
4196,3496
4196,1857
4196,11042
4196,487
4197,5116
4197,159
4197,28
4197,695
4200,3536
4200,490
4201,490
4202,490
4203,490
4205,1853
4208,4927
4208,4781
4208,346
4208,7441
4208,2370
4212,4721
4213,4721
4214,492
4216,6888
4216,3468
4217,3645
4217,90
4217,556
4217,3468
4221,666
4221,3696
4227,2668
4227,695
4233,493
4234,493
4235,493
4238,2042
4241,503
4241,2260
4241,2042
4246,2042
4247,2042
4250,6910
4250,2042
4255,2042
4256,1706
4256,2042
4258,1742
4258,1479
4258,2042
4261,3555
4261,2042
4262,494
4263,3554
4263,494
4264,4294
4264,4519
4264,560
4264,2398
4264,494
4265,4516
4265,4006
4266,4006
4267,4006
4268,3469
4269,3469
4274,2081
4274,37
4274,2096
4274,3697
4276,3737
4276,3697
4277,12701
4277,2260
4277,3697
4278,3697
4279,3697
4280,3697
4282,2327
4284,2327
4288,2327
4289,1875
4289,1357
4289,2327
4290,3470
4291,12
4291,3470
4292,3470
4295,3470
4300,4315
4300,3470
4301,4733
4301,3470
4303,3470
4304,8833
4304,3470
4305,3470
4307,273
4307,1185
4307,3651
4307,5303
4307,1529
4307,11778
4307,408
4307,617
4307,4460
4307,4714
4307,78
4307,23
4307,5501
4308,3471
4309,3471
4311,2183
4311,13988
4311,3471
4314,2320
4314,3471
4316,3471
4321,3471
4322,3488
4326,4007
4327,4007
4328,852
4328,4007
4329,4007
4332,7631
4334,7780
4337,5582
4339,9253
4339,5582
4340,6888
4341,4428
4342,4428
4344,4428
4345,2494
4345,1683
4345,4428
4346,4428
4348,3614
4349,3472
4350,3472
4354,3321
4360,3321
4362,3321
4363,3321
4365,3321
4366,3321
4369,3321
4373,24
4373,315
4373,3321
4375,2404
4379,730
4379,2404
4383,2404
4385,7175
4385,820
4385,3703
4389,3703
4392,3322
4397,779
4405,495
4406,332
4406,495
4410,852
4410,7918
4411,7918
4412,7918
4414,1134
4414,3553
4414,669
4414,780
4414,3374
4414,2043
4421,2044
4430,2044
4433,2044
4434,2044
4437,2044
4438,2044
4445,2044
4446,877
4446,2044
4449,2044
4451,1530
4451,2044
4452,2044
4453,2044
4461,5985
4468,447
4468,7171
4474,4009
4475,4009
4482,4123
4482,1758
4482,4009
4492,4010
4495,8893
4495,4010
4496,4467
4496,731
4496,4010
4498,589
4498,6082
4500,3768
4503,1204
4503,6969
4503,3768
4513,288
4513,157
4514,157
4516,871
4516,157
4518,157
4519,157
4523,3568
4528,3621
4538,1651
4538,380
4543,1808
4550,7512
4550,1699
4552,2321
4552,9885
4556,9885
4558,208
4559,4212
4559,3567
4561,235
4561,2484
4564,7045
4567,5289
4570,363
4570,119
4572,4015
4573,4015
4574,8987
4574,4449
4574,4015
4579,1253
4579,10
4579,728
4579,7686
4582,127
4586,3341
4586,5982
4589,2484
4590,4294
4590,4607
4590,6448
4590,199
4590,8778
4590,2484
4598,3343
4601,9593
4601,725
4601,2046
4607,9581
4607,1850
4610,4724
4612,4724
4616,1596
4616,2047
4618,2047
4619,2047
4620,2047
4622,3636
4622,361
4622,1006
4623,6890
4623,1006
4626,4803
4626,1809
4628,4886
4628,23
4628,1348
4628,2069
4631,1594
4631,6018
4632,4788
4632,6018
4633,6018
4638,8661
4648,6728
4648,7172
4651,6781
4653,3621
4654,7175
4655,355
4655,1853
4655,1346
4655,7175
4657,3721
4657,1545
4657,9388
4658,2600
4658,2049
4659,7291
4662,778
4663,810
4663,778
4670,7766
4670,4436
4671,3874
4671,4436
4673,3346
4674,3346
4678,830
4678,3346
4680,4809
4680,3346
4681,789
4681,1529
4681,4510
4681,780
4681,2305
4681,3346
4683,779
4686,779
4688,779
4689,2187
4689,779
4690,779
4694,1859
4698,7770
4698,1011
4699,1988
4699,1011
4700,5385
4700,7238
4703,1012
4706,4788
4706,1013
4709,1207
4710,179
4711,1073
4715,9901
4719,3797
4719,2487
4725,1017
4726,2101
4726,4785
4726,4059
4726,4075
4726,1017
4728,4816
4728,1017
4734,1533
4734,1018
4738,1018
4739,1018
4740,199
4740,1073
4740,28
4740,1018
4742,55
4742,1018
4744,1018
4748,7628
4748,10566
4748,4352
4748,4152
4748,6911
4748,1021
4749,4323
4749,4078
4752,2049
4754,5383
4754,4025
4758,10606
4760,4560
4769,1354
4769,780
4773,780
4781,780
4783,11167
4784,4829
4784,7031
4786,7031
4788,1335
4789,3776
4795,6896
4795,5206
4800,8824
4800,696
4805,2524
4805,2501
4805,4228
4805,1855
4806,5428
4806,2501
4816,1033
4817,1033
4819,1034
4820,4326
4820,1034
4828,1034
4833,1037
4836,4730
4838,5208
4842,1039
4845,6394
4845,4073
4846,409
4848,646
4848,77
4849,77
4855,124
4855,218
4855,83
4863,2060
4864,1049
4868,1341
4868,44
4868,1392
4868,1054
4874,1464
4881,4927
4881,499
4882,1588
4882,1069
4886,241
4887,241
4888,241
4889,3449
4889,241
4890,241
4891,351
4891,241
4893,4417
4893,241
4894,241
4902,2420
4902,241
4904,241
4912,241
4914,241
4915,30
4915,241
4918,1708
4919,1708
4921,1708
4923,1708
4924,96
4924,1708
4925,1708
4926,1708
4930,30
4930,1708
4933,1708
4936,1708
4946,1708
4951,456
4957,4325
4957,1780
4958,8
4958,14277
4958,1780
4960,5845
4960,71
4960,2682
4961,2682
4965,324
4965,2682
4968,5349
4968,3567
4969,115
4969,242
4970,4418
4970,242
4971,4424
4971,242
4972,242
4973,242
4974,242
4975,4450
4975,242
4976,5656
4976,242
4978,741
4979,231
4979,741
4980,741
4982,741
4983,1710
4983,741
4984,741
4987,78
4988,722
4988,1659
4988,2197
4988,8
4988,112
4988,78
4989,78
4991,308
4991,78
4993,1871
4993,2405
4993,298
4993,78
4996,78
5001,571
5001,6911
5001,78
5006,78
5007,78
5011,78
5012,4315
5012,78
5016,78
5018,70
5018,78
5019,78
5022,1659
5022,78
5028,9197
5028,2615
5029,32
5029,402
5031,402
5035,402
5037,4624
5038,4624
5039,2294
5039,4624
5041,26
5041,28
5041,2405
5045,830
5045,5070
5045,2259
5045,2405
5046,4296
5046,2405
5047,2405
5054,13
5054,454
5056,2732
5056,454
5059,596
5059,454
5060,454
5067,454
5069,364
5069,454
5070,454
5074,454
5079,6730
5079,454
5080,454
5084,454
5085,32
5085,454
5086,653
5086,454
5089,454
5090,454
5094,454
5098,7908
5098,454
5100,454
5103,454
5104,454
5107,56
5107,454
5113,2732
5113,454
5114,454
5120,454
5130,4542
5134,4542
5141,182
5144,4625
5152,4044
5158,4628
5160,71
5160,13265
5161,13265
5163,13265
5179,9617
5181,5641
5183,5864
5190,352
5198,1222
5198,1544
5198,4045
5214,1727
5215,1727
5220,7636
5224,7636
5228,5805
5228,7636
5229,7636
5230,7636
5231,1994
5231,7636
5243,4066
5244,4046
5245,4046
5246,4046
5247,4046
5255,32
5255,4046
5259,4046
5262,2529
5262,796
5262,4193
5262,4046
5264,4046
5267,4046
5268,315
5268,4046
5269,2528
5269,2259
5269,4046
5272,814
5276,1700
5276,4449
5276,785
5280,14288
5286,11221
5287,11221
5292,500
5293,744
5293,826
5293,406
5302,3538
5302,7018
5305,4772
5305,7018
5310,619
5310,3312
5311,3312
5320,2096
5327,2420
5327,5639
5329,5639
5331,5639
5346,5759
5369,1478
5369,3580
5388,5458
5400,3304
5411,6535
5411,2515
5429,6763
5446,1195
5462,8289
5466,12501
5468,4966
5468,1638
5471,6891
5471,10460
5478,10982
5493,500
5501,669
5501,744
5502,3785
5507,98
5507,14609
5509,244
5512,9705
5514,9705
5529,6622
5529,4925
5529,3304
5535,9144
5537,6808
5537,4056
5549,1854
5562,14609
5565,14609
5568,1769
5573,11124
5587,4055
5591,453
5595,7786
5596,7786
5598,2506
5628,8824
5628,9015
5631,13579
5647,789
5655,5223
5657,5223
5664,63
5664,284
5664,352
5669,626
5669,350
5669,352
5670,2399
5670,352
5671,28
5671,352
5672,352
5678,32
5678,352
5684,2581
5684,5224
5685,5224
5688,5224
5689,1504
5689,5224
5690,6891
5690,5224
5695,5224
5697,5224
5701,4646
5701,5224
5704,5224
5714,815
5714,2563
5714,4859
5716,1105
5728,604
5728,4965
5728,273
5732,6421
5733,1600
5733,3770
5737,4051
5745,10
5745,1770
5745,4560
5746,4560
5760,4560
5765,4560
5766,591
5766,4560
5776,1260
5777,1550
5777,2409
5786,8980
5789,4525
5790,4525
5795,10982
5815,4561
5818,30
5818,2089
5818,660
5818,90
5824,599
5836,9637
5844,12417
5844,7223
5848,7375
5851,6414
5854,785
5864,788
5869,1664
5869,552
5869,3440
5871,3440
5873,4437
5873,3440
5874,1914
5874,3440
5876,706
5876,403
5877,71
5877,1734
5878,1734
5879,295
5879,1734
5880,177
5880,1734
5883,4491
5884,165
5884,4491
5887,4491
5889,4491
5890,2130
5890,20
5890,589
5890,4491
5892,2294
5892,3478
5900,2065
5903,4635
5903,2065
5905,159
5908,159
5912,5765
5917,3737
5917,5765
5924,672
5925,672
5930,672
5931,672
5935,8357
5935,672
5937,4066
5937,1199
5937,672
5944,70
5944,3770
5945,3770
5947,3770
5948,3770
5951,3770
5952,3770
5954,3770
5957,55
5957,3770
5958,3770
5959,496
5963,496
5964,496
5965,70
5965,79
5966,79
5967,3304
5970,3304
5983,597
5983,4110
5983,259
5983,3643
5983,2298
5985,56
5985,4055
5987,161
5991,161
5993,161
6001,161
6002,4418
6002,3600
6002,161
6003,53
6003,161
6004,191
6004,111
6004,161
6005,161
6014,161
6015,2294
6015,161
6017,71
6017,161
6019,161
6020,161
6021,527
6021,216
6021,161
6022,161
6027,7526
6027,161
6033,497
6036,56
6036,497
6037,63
6037,263
6037,497
6038,497
6043,4449
6043,497
6048,4056
6049,56
6049,4056
6051,2259
6051,643
6051,4056
6054,4056
6055,4056
6056,2319
6056,2299
6056,250
6056,199
6056,246
6057,641
6057,246
6058,3600
6058,246
6059,431
6059,43
6059,722
6059,246
6060,246
6061,246
6062,246
6064,5621
6064,246
6070,72
6070,246
6073,246
6078,80
6080,80
6082,2399
6082,3568
6083,71
6083,3568
6085,3568
6100,3271
6101,4471
6106,162
6107,162
6110,70
6110,162
6111,3449
6111,162
6113,56
6113,162
6114,234
6114,162
6116,72
6116,162
6117,162
6119,162
6125,162
6126,162
6127,81
6133,498
6134,4819
6134,498
6139,247
6140,247
6146,247
6149,247
6150,247
6151,2294
6151,247
6152,247
6155,247
6158,3756
6159,3756
6161,524
6167,334
6170,334
6172,334
6173,334
6174,216
6174,334
6178,334
6191,345
6192,598
6192,13846
6198,3498
6198,2308
6201,2308
6207,1672
6207,2689
6208,2689
6209,1816
6209,52
6209,2689
6211,1976
6211,2689
6212,323
6212,453
6213,453
6214,32
6214,453
6216,3542
6216,453
6217,453
6218,453
6219,617
6219,453
6224,453
6226,453
6233,453
6235,1703
6235,453
6236,2277
6236,453
6237,453
6240,453
6241,3535
6241,453
6246,453
6247,453
6254,3537
6254,453
6256,453
6265,453
6269,453
6270,453
6272,453
6275,453
6279,453
6281,165
6281,2185
6281,453
6282,453
6298,56
6298,164
6302,500
6304,500
6305,500
6307,2294
6307,500
6316,4433
6316,500
6318,500
6321,500
6324,501
6332,4059
6334,455
6338,455
6340,455
6344,2201
6344,455
6349,455
6350,455
6352,455
6353,455
6355,455
6357,455
6360,455
6361,455
6371,3453
6371,4294
6371,455
6374,455
6375,455
6378,455
6380,455
6382,455
6383,455
6384,455
6388,455
6389,455
6393,455
6394,455
6395,455
6398,4325
6398,1348
6398,7805
6398,585
6398,455
6404,455
6406,502
6415,502
6416,643
6416,502
6423,502
6427,728
6427,502
6432,4296
6432,502
6433,502
6434,502
6435,798
6435,833
6435,502
6437,502
6443,502
6448,502
6456,502
6467,502
6468,502
6479,4510
6479,502
6490,503
6493,503
6500,503
6504,503
6509,6729
6511,82
6513,82
6516,82
6517,82
6522,82
6524,82
6533,82
6534,82
6538,591
6538,504
6540,504
6542,504
6546,504
6550,504
6551,504
6554,677
6554,598
6554,504
6568,6002
6569,6002
6576,506
6578,320
6578,506
6579,506
6580,506
6585,5621
6585,506
6587,506
6597,3481
6600,3481
6601,3481
6602,3481
6607,3481
6611,3481
6615,2316
6615,9571
6615,3481
6621,2491
6626,6922
6628,701
6629,2262
6633,785
6640,785
6646,785
6647,785
6648,785
6654,785
6657,785
6660,785
6672,785
6674,785
6680,4634
6680,785
6684,785
6689,785
6693,785
6694,785
6700,830
6700,785
6702,785
6706,785
6719,785
6721,785
6723,785
6724,5460
6724,785
6725,785
6729,785
6730,3388
6730,785
6731,4451
6731,785
6735,785
6741,785
6753,6438
6756,6438
6759,6438
6761,2727
6763,2727
6768,5986
6770,3385
6771,4561
6772,4561
6773,5008
6773,4561
6774,71
6774,4561
6779,3806
6786,3806
6787,3806
6789,10532
6789,3806
6793,3806
6794,871
6794,3349
6799,1700
6799,1976
6799,4061
6802,3482
6811,3734
6811,5070
6815,5070
6816,5070
6824,1853
6829,1853
6832,1853
6840,1853
6848,669
6848,1853
6854,1853
6857,4449
6857,1853
6870,1853
6876,1853
6886,1853
6887,728
6887,1698
6889,1698
6890,3736
6890,1698
6916,1698
6918,1698
6925,1698
6941,1698
6951,3533
6951,1976
6951,4062
6953,11242
6954,8824
6954,11242
6966,697
6970,697
6971,697
6972,697
6975,5
6981,4530
6982,7122
6982,4530
6983,3298
6996,4887
6996,3543
6996,2066
6997,12417
6997,2066
7010,4066
7044,1854
7045,1854
7057,786
7060,786
7069,2206
7069,10545
7080,7885
7080,5239
7083,1735
7093,7833
7098,3261
7138,4066
7140,4066
7146,1801
7147,1736
7148,3377
7148,1978
7148,1737
7153,6718
7158,10212
7160,7223
7163,7223
7164,7223
7166,1690
7166,7223
7169,7223
7172,4938
7172,8574
7175,2067
7195,13591
7198,1739
7205,5234
7208,1855
7219,6781
7223,4788
7223,1534
7223,4462
7223,318
7223,4862
7229,2493
7232,7719
7235,1073
7236,5503
7236,4886
7245,1857
7246,2294
7246,1857
7248,5103
7275,2244
7275,2494
7297,2150
7304,6197
7304,1743
7309,2206
7309,1743
7326,1072
7332,1196
7335,2495
7339,1859
7350,787
7351,787
7352,4304
7352,4419
7352,2206
7352,4070
7355,886
7355,7240
7356,3547
7356,7240
7367,788
7373,6843
7373,788
7376,788
7380,788
7386,788
7388,788
7392,9454
7398,789
7401,789
7403,789
7404,2553
7404,789
7417,12869
7418,12869
7427,1814
7429,2089
7433,4073
7436,4073
7440,4073
7443,11108
7443,4074
7444,508
7449,9474
7449,508
7465,7719
7467,11173
7477,814
7478,2070
7479,2070
7486,10188
7487,6421
7489,8061
7489,4079
7503,4083
7507,4965
7507,4084
7526,4863
7528,1862
7534,1862
7536,2409
7562,5008
7562,56
7562,10030
7562,9470
7562,109
7571,509
7575,137
7578,733
7581,733
7587,6845
7594,10975
7594,15237
7607,328
7608,45
7608,1105
7608,4190
7608,328
7609,328
7616,6570
7621,106
7625,106
7636,106
7638,335
7638,106
7641,106
7645,106
7647,106
7658,318
7658,132
7661,132
7665,132
7670,132
7681,1123
7682,5441
7684,3689
7686,682
7688,13833
7693,5099
7699,3771
7709,511
7710,511
7712,511
7713,4547
7714,4547
7715,4931
7715,4547
7720,5100
7729,791
7733,791
7738,6231
7740,6231
7742,6231
7770,852
7770,4090
7780,3624
7784,734
7785,734
7801,6437
7803,3313
7806,871
7806,3313
7811,6232
7816,7686
7818,5031
7828,2611
7829,7409
7836,3734
7836,7904
7841,7297
7862,6958
7875,12
7875,3773
7879,3773
7880,3773
7885,3773
7902,83
7912,83
7931,661
7934,108
7936,2815
7938,731
7938,2330
7956,6782
7960,10964
7962,5768
7969,4646
7969,7298
7994,1111
7995,3707
7998,618
7998,6060
8009,8
8015,3778
8018,2330
8023,3779
8028,3794
8028,1099
8032,1104
8043,9798
8080,7537
8092,4971
8092,2349
8097,3709
8098,56
8098,8
8100,71
8100,133
8101,1677
8101,133
8106,199
8106,3
8107,730
8107,3
8110,406
8110,188
8110,1656
8110,3
8114,749
8114,2611
8114,71
8114,174
8115,174
8117,174
8118,174
8120,32
8120,174
8122,174
8125,56
8125,174
8130,216
8130,174
8132,227
8132,174
8133,174
8138,174
8139,174
8140,174
8142,3450
8142,3593
8142,3452
8142,174
8143,174
8146,174
8149,256
8149,52
8149,174
8151,5
8151,92
8151,174
8154,186
8154,379
8154,4
8157,4
8160,4
8163,4
8169,4651
8170,4104
8170,407
8170,4107
8170,371
8172,230
8172,5
8173,5
8176,5
8177,2294
8177,5
8184,363
8184,5
8187,84
8190,179
8191,636
8191,60
8194,60
8196,60
8197,60
8199,60
8202,60
8203,60
8207,60
8208,60
8209,60
8212,60
8214,60
8217,60
8219,643
8219,60
8224,190
8224,66
8224,60
8229,32
8229,60
8237,60
8239,60
8243,60
8246,60
8248,60
8253,182
8255,181
8256,593
8256,182
8262,185
8267,1676
8269,1676
8270,643
8270,189
8274,112
8274,406
8276,190
8278,2136
8278,1667
8278,3576
8278,190
8279,8
8279,284
8279,190
8282,190
8283,190
8287,190
8288,190
8294,674
8300,320
8300,248
8305,249
8306,251
8307,15011
8307,251
8308,72
8308,85
8313,3571
8314,3571
8316,3571
8328,6
8333,56
8333,6
8335,6
8336,6
8337,443
8337,6
8342,6
8353,6
8356,6
8364,6
8372,56
8372,6
8387,6
8396,6
8401,6
8407,6
8408,6
8412,6
8425,6
8432,6
8436,259
8436,2134
8436,6
8444,56
8444,6
8459,6
8461,6
8465,6
8466,6
8483,6
8487,3594
8487,621
8487,2663
8487,6
8492,6
8494,71
8494,6
8495,6
8498,6
8504,6
8510,6
8511,6
8513,56
8513,6
8515,6
8517,6
8518,6
8519,6
8521,6
8523,6
8526,6
8528,364
8528,6
8536,56
8536,6
8550,19
8551,2291
8559,86
8566,373
8567,3425
8567,373
8568,373
8570,254
8571,254
8578,5891
8578,3374
8581,362
8581,256
8582,256
8584,256
8587,256
8592,256
8599,2320
8599,88
8602,7575
8602,89
8605,191
8607,191
8610,2268
8610,358
8610,2299
8615,409
8627,1866
8631,1866
8632,1866
8635,1866
8644,8574
8644,1866
8645,2535
8645,9571
8645,1866
8647,232
8647,795
8652,515
8659,228
8659,744
8663,744
8665,744
8668,744
8674,744
8675,5803
8675,744
8678,517
8693,207
8693,217
8693,8
8697,8
8698,8
8716,8
8742,8
8746,8
8747,8
8750,643
8750,8
8754,8
8758,8
8772,348
8772,8
8777,8
8784,8
8788,8
8800,8
8803,210
8803,8
8809,8
8814,8
8816,8
8823,8
8824,8
8832,8
8839,8
8852,32
8852,8
8868,61
8880,61
8889,61
8892,61
8900,2299
8904,518
8905,2294
8905,518
8906,65
8906,518
8908,20
8909,20
8911,72
8911,20
8912,20
8924,349
8924,682
8926,3435
8927,4761
8927,3435
8928,3498
8928,198
8928,2283
8928,746
8930,71
8930,746
8931,2286
8931,746
8933,4438
8935,1182
8939,2397
8941,257
8947,9
8968,259
8970,259
8976,259
8981,731
8981,260
8984,22
8985,22
8991,22
8995,22
8996,22
8998,22
8999,22
9003,353
9011,62
9019,63
9029,63
9032,63
9033,63
9036,63
9052,63
9053,63
9055,63
9057,63
9077,63
9096,63
9102,63
9107,193
9111,194
9112,2294
9112,3549
9112,5110
9112,3453
9112,194
9122,194
9123,643
9123,194
9127,196
9138,326
9143,1667
9143,32
9143,326
9145,326
9151,326
9154,2089
9154,677
9154,326
9171,2297
9173,2297
9175,2297
9177,2297
9181,2297
9185,2297
9186,2297
9187,2297
9190,643
9190,2297
9191,2297
9192,2297
9195,2136
9195,1970
9195,4492
9204,595
9204,2256
9209,837
9209,374
9215,335
9223,335
9226,3549
9226,335
9228,71
9228,335
9230,29
9230,335
9232,364
9232,335
9235,335
9242,335
9243,56
9243,335
9246,46
9246,72
9246,335
9247,335
9249,335
9250,335
9252,335
9259,5065
9262,107
9263,107
9266,107
9274,524
9277,703
9280,6011
9283,859
9283,1801
9289,527
9290,527
9291,527
9296,527
9299,2294
9299,527
9301,527
9303,527
9309,2322
9309,2077
9324,2077
9327,2077
9332,2078
9339,2078
9348,2078
9351,7866
9364,699
9366,699
9369,699
9370,699
9373,699
9396,9571
9396,64
9397,64
9398,64
9422,10
9424,10
9438,3427
9438,10
9445,364
9445,538
9450,538
9451,538
9452,538
9479,6861
9482,4467
9495,1706
9495,2080
9496,2080
9501,2080
9507,796
9511,796
9524,796
9526,796
9540,796
9543,796
9554,797
9555,797
9568,2504
9573,1706
9573,2504
9590,2504
9619,3486
9622,3486
9628,3486
9629,3486
9632,2081
9635,2081
9642,4109
9647,5621
9647,6784
9648,3488
9649,3488
9662,1707
9662,3488
9663,1988
9663,3488
9670,1694
9671,442
9671,1694
9687,3374
9690,3374
9709,3374
9718,3374
9719,3374
9720,3588
9732,700
9735,700
9741,700
9756,701
9770,1681
9771,1681
9777,3489
9780,728
9780,3375
9781,3375
9782,3375
9785,6785
9800,2330
9815,2082
9819,2082
9844,2316
9859,852
9859,3710
9861,3710
9864,2083
9881,1709
9886,6822
9886,1709
9914,5852
9919,1593
9919,3377
9935,4111
9942,364
9942,354
9956,91
9973,23
9988,5101
9993,5101
9994,1540
9994,5101
9998,5101
10004,12096
10031,542
10034,542
10044,735
10048,2087
10056,71
10056,2697
10059,2568
10065,6950
10066,6950
10071,6950
10077,4115
10096,10168
10132,9229
10155,315
10155,24
10175,24
10203,1699
10238,4124
10239,4124
10259,706
10264,706
10295,1185
10297,543
10303,543
10331,1871
10336,2513
10343,261
10347,262
10350,108
10355,1667
10357,1667
10363,1667
10373,377
10384,1816
10386,1253
10386,1816
10389,3588
10391,2611
10393,2611
10408,2515
10429,9680
10449,736
10451,2096
10453,2096
10460,2096
10465,2096
10471,2096
10477,2096
10483,2096
10491,2096
10498,2096
10499,2096
10518,2096
10527,2096
10529,2096
10536,4127
10544,25
10548,25
10562,1268
10568,708
10579,708
10597,1188
10604,1188
10609,6115
10628,1989
10628,5505
10631,1191
10632,1191
10634,1191
10652,2282
10689,548
10704,2521
10705,2521
10710,2521
10712,2521
10713,810
10730,1194
10734,1194
10749,1599
10749,1195
10767,1195
10783,1196
10802,3560
10802,3493
10806,549
10823,7320
10827,7320
10828,1198
10834,1199
10839,814
10854,1942
10854,1202
10870,1204
10874,1204
10879,2555
10879,815
10881,815
10883,2001
10883,815
10894,4143
10896,4652
10952,1209
10964,1210
10984,817
10995,1214
10997,2107
10999,2107
11007,550
11014,15423
11019,3497
11129,709
11218,3734
11218,709
11235,709
11255,65
11268,199
11269,199
11271,199
11272,199
11276,199
11277,199
11280,199
11281,199
11294,10194
11301,66
11305,66
11306,66
11311,66
11312,228
11312,66
11317,66
11319,66
11323,2130
11326,2130
11327,2130
11330,412
11351,3338
11358,3439
11372,415
11381,2715
11382,5458
11388,355
11390,355
11393,355
11406,355
11409,3458
11422,4539
11423,616
11423,265
11425,109
11436,109
11440,109
11453,419
11461,26
11474,1657
11483,3498
11484,3498
11503,27
11504,55
11504,27
11515,5455
11517,5455
11520,5455
11549,3546
11549,5845
11552,423
11555,2260
11555,275
11568,748
11574,55
11574,818
11584,447
11584,279
11598,10183
11607,382
11618,56
11618,2136
11632,43
11636,43
11646,43
11655,43
11659,43
11669,4932
11669,43
11676,43
11696,3576
11697,3576
11700,3576
11702,11750
11702,3576
11705,3576
11707,356
11717,677
11719,677
11752,346
11753,346
11763,207
11767,207
11768,207
11774,44
11785,337
11788,337
11789,337
11791,337
11792,337
11793,337
11800,819
11806,282
11833,2283
11839,385
11843,1247
11853,445
11853,2529
11858,2719
11858,2529
11859,2529
11863,2529
11866,2529
11873,4187
11876,3501
11879,3501
11885,5891
11885,566
11891,567
11898,226
11898,567
11899,567
11903,567
11905,567
11918,3502
11952,1670
11963,3349
11964,3349
11966,6730
11975,2702
11978,1523
11978,5287
11981,3715
11988,1976
11988,570
11989,570
11992,570
11998,4544
12005,574
12012,3306
12020,5460
12023,5460
12056,5864
12059,5864
12061,5864
12070,4441
12072,3544
12072,2139
12085,4600
12095,712
12099,3385
12110,4430
12118,4430
12137,208
12139,208
12141,364
12141,208
12144,4193
12171,730
12171,2380
12172,872
12172,2380
12176,6854
12184,5290
12246,1700
12257,4476
12266,8335
12267,8335
12277,4656
12282,283
12299,283
12306,283
12335,2339
12340,5292
12342,5292
12343,5292
12356,5113
12366,3513
12367,3513
12393,1339
12454,4446
12467,1250
12489,2144
12492,1531
12492,2144
12520,28
12528,28
12536,10548
12539,1560
12539,6735
12541,4215
12564,9253
12568,9253
12581,4519
12585,2349
12589,5846
12596,6442
12597,6442
12613,3536
12613,1253
12617,1253
12651,3315
12661,5615
12676,46
12678,46
12688,46
12724,6443
12777,358
12779,358
12787,823
12803,3521
12834,5304
12860,824
12862,1284
12870,4228
12873,1286
12896,5470
12913,1297
12923,1301
12937,11707
12957,1320
12969,7403
12980,1326
12981,1327
12995,10316
13005,7409
13036,5309
13047,1340
13078,1343
13112,1347
13127,286
13260,431
13264,211
13283,2310
13284,9797
13284,2310
13288,6606
13301,4552
13301,6622
13302,6622
13309,3384
13313,4773
13313,4442
13314,3929
13329,10030
13355,849
13355,3385
13364,5924
13364,3580
13368,3580
13383,1819
13405,2705
13407,2705
13414,826
13422,5815
13422,827
13429,14627
13438,3387
13454,5779
13459,3388
13460,3388
13491,13967
13511,3389
13512,3389
13519,3393
13525,9194
13553,14277
13566,13303
13575,830
13584,830
13610,830
13642,2259
13653,832
13658,3407
13664,1895
13698,834
13731,1916
13736,836
13748,9471
13984,4478
14040,12255
14069,1769
14077,1769
14093,1479
14097,1479
14099,1479
14139,9233
14183,9384
14191,4772
14228,2307
14266,10610
14280,3161
14280,845
14361,3419
14393,4788
14398,4449
14526,67
14527,67
14531,214
14534,722
14570,3447
14573,110
14575,288
14577,288
14578,288
14579,288
14580,288
14589,111
14600,111
14648,750
14649,750
14652,5815
14662,4419
14663,4419
14669,582
14673,3453
14676,3453
14690,584
14703,584
14713,1658
14717,140
14735,216
14748,388
14759,585
14760,585
14769,585
14770,585
14792,2176
14793,2176
14811,69
14823,217
14844,6925
14850,683
14873,5803
14965,221
14969,222
15008,348
15019,591
15035,2178
15080,70
15161,4424
15219,4628
15233,316
15235,1597
15235,316
15245,3299
15247,598
15305,2180
15306,4634
15308,4634
15374,3537
15398,2712
15489,4433
15505,5891
15542,6447
15545,6447
15546,6447
15564,2183
15654,2320
15664,4295
15670,3543
15737,4546
15781,4296
15784,6911
15820,5621
15838,2553
15844,725
15852,10170
15856,4449
15858,872
15858,4449
15886,852
15938,4933
15960,2186
15991,3675
16231,4554
16281,2201
16345,728
16382,71
16384,71
16522,2421
16585,4315
16745,1550
16911,3594
16912,625
16913,31
16935,32
16956,445
16957,5965
16989,2585
17182,3734
17237,871
17544,5938
